0,0,31,31,31,31,31,31,31,31,31,31,31,31,31,31,31,31,31,31,0,0,31,0,0,0,0,0,0,0,0,0,0,0,0,0,0,0,0,0,0,17,17,17,17,0,17,17,0,0,17,17,0,0,17,26,26,26,26,26,26,26,26,26,0,0,0,0,0,0,0,0,0,0,0,0,0,0,0,0,0,0,0,0,0,0,0,0,0,0,0,0,0,0,0,0,0,0,0,0,0,0,0,0,0,0,0,0,0,0,0,0,0,0,0,0,0,0,0,0,0,0,0,0,0,0,0,0,0,0,0,0,0,0,0,0,0,0,0,0,0,0,0,0,0,0,0,0,0,0
0,0,31,0,0,0,0,0,0,0,0,0,0,0,0,0,0,0,0,31,31,31,0,0,0,0,0,0,0,0,0,0,0,0,0,17,17,0,0,0,17,17,0,0,17,17,17,17,17,17,17,17,17,17,0,26,0,0,0,0,0,0,0,26,26,0,0,0,0,0,0,0,0,0,0,0,0,0,0,0,0,0,0,0,0,0,0,0,0,0,0,0,0,0,0,0,0,0,0,0,0,0,0,0,0,0,0,0,0,0,0,0,0,0,0,0,0,0,0,0,0,0,0,0,0,0,0,0,0,0,0,0,0,0,0,0,0,0,0,0,0,0,0,0,0,0,0,0,0,0
0,31,31,0,0,0,0,0,0,0,0,0,0,0,0,0,0,0,0,0,0,31,31,0,0,0,0,0,0,0,0,0,17,17,0,17,17,0,17,17,17,0,0,0,0,0,0,0,0,0,0,17,17,17,26,26,0,0,0,0,0,0,0,0,26,0,0,0,0,0,0,0,0,0,0,0,0,0,0,0,0,0,0,0,0,0,0,0,0,0,0,0,0,0,0,0,0,0,0,0,0,0,0,0,0,0,0,0,0,0,0,0,0,0,0,0,0,0,0,0,0,0,0,0,0,0,0,0,0,0,0,0,0,0,0,0,0,0,0,0,0,0,0,0,0,0,0,0,0,0
31,31,0,0,0,0,0,0,0,0,0,0,0,0,0,0,0,0,0,0,0,0,31,31,31,31,0,0,0,0,0,17,17,17,17,17,17,17,17,0,0,0,0,0,0,0,0,0,0,0,17,17,26,26,26,0,0,0,0,0,0,0,0,0,26,26,26,0,0,0,0,0,0,0,0,0,0,0,0,0,0,0,0,0,0,0,0,0,0,0,0,0,0,0,0,0,0,0,0,0,0,0,0,0,0,0,0,0,0,0,0,0,0,0,0,0,0,0,0,0,0,0,0,0,0,0,0,0,0,0,0,0,0,0,0,0,0,0,0,0,0,0,0,0,0,0,0,0,0,0
31,0,0,0,0,0,0,0,0,0,0,0,0,0,0,0,0,0,0,0,0,0,0,0,0,31,0,0,0,0,17,17,0,0,0,0,0,0,0,0,0,0,0,0,0,0,0,0,0,0,17,26,26,0,0,0,0,0,0,0,0,0,0,0,0,26,0,26,0,0,0,0,0,0,0,0,0,0,0,0,0,0,0,0,0,0,0,0,0,0,0,0,0,0,0,0,0,0,0,0,0,0,0,0,0,0,0,0,0,0,0,0,0,0,0,0,0,0,0,0,0,0,0,0,0,0,0,0,0,0,0,0,0,0,0,0,0,0,0,0,0,0,0,0,0,0,0,0,0,0
31,0,0,0,0,0,0,0,0,0,0,0,0,0,0,0,0,0,0,0,0,0,0,0,0,31,31,0,0,0,17,0,0,0,0,0,0,0,0,0,0,0,0,0,0,0,0,0,0,17,17,26,0,0,0,0,0,0,0,0,0,0,0,0,0,26,26,26,0,0,0,0,0,0,0,0,0,0,0,0,0,0,0,0,0,0,0,0,0,0,0,0,0,0,0,0,0,0,0,0,0,0,0,0,0,0,0,0,0,0,0,0,0,0,0,0,0,0,0,0,0,0,0,0,0,0,0,0,0,0,0,0,0,0,0,0,0,0,0,0,0,0,0,0,0,0,0,0,0,0
31,0,0,0,0,0,0,0,0,0,0,0,0,0,0,0,0,0,0,0,0,0,0,0,0,0,31,0,0,17,17,0,0,0,0,0,0,0,0,0,0,0,0,0,0,0,0,0,0,17,26,26,0,0,0,0,0,0,0,0,0,0,0,0,0,0,0,26,0,0,0,0,0,0,0,0,0,0,0,0,0,0,0,0,0,0,0,0,0,0,0,0,0,0,0,0,0,0,0,0,0,0,0,0,0,0,0,0,0,0,0,0,0,0,0,0,0,0,0,0,0,0,0,0,0,0,0,0,0,0,0,0,0,0,0,0,0,0,0,0,0,0,0,0,0,0,0,0,0,0
31,0,0,0,0,0,0,0,0,0,0,0,0,0,0,0,0,0,0,0,0,0,0,0,0,31,31,31,0,17,0,0,0,0,0,0,0,0,0,0,0,0,0,0,0,0,0,0,0,17,26,0,0,0,0,0,0,0,0,0,0,0,0,0,0,0,0,26,26,26,0,0,0,0,0,0,0,0,0,0,0,0,0,0,0,0,0,0,0,0,0,0,0,0,0,0,0,0,0,0,0,0,0,0,0,0,0,0,0,0,0,0,0,0,0,0,0,0,0,0,0,0,0,0,0,0,0,0,0,0,0,0,0,0,0,0,0,0,0,0,0,0,0,0,0,0,0,0,0,0
31,0,0,0,0,0,0,0,0,0,0,0,0,0,0,0,0,0,0,0,0,0,0,0,0,31,0,0,17,17,0,0,0,0,0,0,0,0,0,0,0,0,0,0,0,0,0,0,0,17,26,0,0,0,0,0,0,0,0,0,0,0,0,0,0,0,0,0,26,26,0,0,0,0,0,0,0,0,0,0,0,0,0,0,0,0,0,0,0,0,0,0,0,0,0,0,0,0,0,0,0,0,0,0,0,0,0,0,0,0,0,0,0,0,0,0,0,0,0,0,0,0,0,0,0,0,0,0,0,0,0,0,0,0,0,0,0,0,0,0,0,0,0,0,0,0,0,0,0,0
31,0,0,0,0,0,0,0,0,0,0,0,0,0,0,0,0,0,0,0,0,0,0,0,0,31,31,17,0,17,0,0,0,0,0,0,0,0,0,0,0,0,0,0,0,0,0,0,0,17,26,0,0,0,0,0,0,0,0,0,0,0,0,0,0,0,0,0,26,0,0,0,0,0,0,0,0,0,0,0,0,0,0,0,0,0,0,0,0,0,0,0,0,0,0,0,0,0,0,0,0,0,0,0,0,0,0,0,0,0,0,0,0,0,0,0,0,0,0,0,0,0,0,0,0,0,0,0,0,0,0,0,0,0,0,0,0,0,0,0,0,0,0,0,0,0,0,0,0,0
31,0,0,0,0,0,0,0,0,0,0,0,0,0,0,0,0,0,0,0,0,0,0,0,31,31,31,40,40,17,0,0,0,0,0,0,0,0,0,0,0,0,0,0,0,0,0,0,17,17,26,0,0,0,0,0,0,0,0,0,0,0,0,0,0,0,0,0,26,26,0,0,0,0,0,0,0,0,0,0,0,0,0,0,0,0,0,0,0,0,0,0,0,0,0,0,0,0,0,0,0,0,0,0,0,0,0,0,0,0,0,0,0,0,0,0,0,0,0,0,0,0,0,0,0,0,0,0,0,0,0,0,0,0,0,0,0,0,0,0,0,0,0,0,0,0,0,0,0,0
31,0,0,0,0,0,0,0,0,0,0,0,0,0,0,0,0,0,0,0,0,0,0,31,31,0,0,40,40,17,17,0,0,0,0,0,0,0,0,0,0,0,0,0,0,0,0,17,17,26,26,0,0,0,0,0,0,0,0,0,0,0,0,0,0,0,0,0,26,26,0,0,0,0,0,0,0,0,0,0,0,0,0,0,0,0,0,0,0,0,0,0,0,0,0,0,0,0,0,0,0,0,0,0,0,0,0,0,0,0,0,0,0,0,0,0,0,0,0,0,0,0,0,0,0,0,0,0,0,0,0,0,0,0,0,0,0,0,0,0,0,0,0,0,0,0,0,0,0,0
31,31,31,31,31,0,0,0,0,0,0,0,0,0,0,0,0,0,0,0,0,0,31,31,40,40,40,40,40,40,17,0,0,0,0,0,0,0,0,0,0,0,0,0,0,0,0,17,26,26,0,0,0,0,0,0,0,0,0,0,0,0,0,0,0,0,0,0,26,0,0,0,0,0,0,0,0,0,0,0,0,0,0,0,0,0,0,0,0,0,0,0,0,0,0,0,0,0,0,0,0,0,0,0,0,0,0,0,0,0,0,0,0,0,0,0,0,0,0,0,0,0,0,0,0,0,0,0,0,0,0,0,0,0,0,0,0,0,0,0,0,0,0,0,0,0,0,0,0,0
29,29,29,29,31,31,0,0,0,0,0,0,0,0,0,0,0,0,0,0,0,31,31,40,40,0,0,0,0,40,17,17,0,0,0,0,0,0,0,0,0,0,0,0,0,0,0,17,26,0,0,0,0,0,0,0,0,0,0,0,0,0,0,0,0,0,0,0,26,0,0,0,0,0,0,0,0,0,0,0,0,0,0,0,0,0,0,0,0,0,0,0,0,0,0,0,0,0,0,0,0,0,0,0,0,0,0,0,0,0,0,0,0,0,0,0,0,0,0,0,0,0,0,0,0,0,0,0,0,0,0,0,0,0,0,0,0,0,0,0,0,0,0,0,0,0,0,0,0,0
29,0,0,29,29,31,31,31,0,0,0,0,0,0,0,0,0,0,0,0,31,31,40,40,0,0,0,0,0,40,52,17,17,0,0,0,0,0,0,0,0,0,0,0,0,0,0,17,26,0,0,0,0,0,0,0,0,0,0,0,0,0,0,0,0,0,0,0,26,0,0,0,0,0,0,0,0,0,0,0,0,0,0,0,0,0,0,0,0,0,0,0,0,0,0,0,0,0,0,0,0,0,0,0,0,0,0,0,0,0,6,0,6,0,0,6,6,6,0,0,0,0,6,0,6,0,0,0,0,0,0,0,0,0,0,0,0,0,0,0,0,0,0,0,0,0,0,0,0,0
29,0,0,0,29,29,29,31,31,31,31,0,0,0,0,0,0,0,0,31,31,40,40,0,0,0,0,0,0,40,52,52,17,0,0,0,0,0,0,0,0,0,0,0,0,0,0,17,26,26,0,0,0,0,0,0,0,0,0,0,0,0,0,0,0,0,0,0,26,0,0,0,0,0,0,0,0,0,0,0,0,0,0,0,0,0,0,0,0,0,0,0,0,0,0,0,0,0,0,0,0,0,0,0,0,0,0,0,0,0,6,6,6,6,6,0,6,0,6,0,0,0,6,6,0,6,0,6,0,0,0,0,0,0,0,0,0,0,0,0,0,0,0,0,0,0,0,0,0,0
29,0,0,0,0,0,29,29,29,29,31,31,31,31,31,31,31,0,31,31,40,40,0,0,0,0,0,0,0,40,52,52,17,17,0,0,0,0,0,0,0,0,0,0,0,0,0,17,17,26,0,0,0,0,0,0,0,0,0,0,0,0,0,0,0,0,0,0,26,26,26,0,0,0,0,0,0,0,0,0,0,0,0,0,0,0,0,0,0,0,0,0,0,0,0,0,0,0,0,0,0,0,0,6,6,0,0,6,0,6,6,0,0,0,6,6,6,6,0,0,0,6,6,6,6,6,6,0,0,0,0,0,0,0,0,0,0,0,0,0,0,0,0,0,0,0,0,0,0,0
29,0,0,0,0,0,0,0,0,29,29,29,29,29,29,29,31,31,31,40,40,0,0,0,0,0,0,0,0,40,52,52,52,17,17,0,0,0,0,0,0,0,0,0,0,0,0,17,17,26,0,0,0,0,0,0,0,0,0,0,0,0,0,0,0,0,0,0,0,26,26,0,0,0,0,0,0,0,0,0,0,0,0,0,0,0,0,0,0,0,0,0,0,0,0,0,0,0,0,0,0,0,0,6,6,6,6,6,6,6,0,0,0,0,0,0,0,6,6,6,6,6,0,0,0,0,6,6,6,0,6,0,0,0,0,0,0,0,0,0,0,0,0,0,0,0,0,0,0,0
29,0,0,0,0,0,0,0,0,0,0,0,0,0,0,29,29,31,40,40,0,0,0,0,0,0,0,0,0,40,40,52,52,52,17,17,17,0,0,0,0,0,0,0,0,0,0,17,26,26,0,0,0,0,0,0,0,0,0,0,0,0,0,0,0,0,0,0,26,26,0,0,0,0,0,0,0,0,0,0,0,0,0,0,0,0,0,0,0,0,0,0,0,0,0,0,0,0,0,0,0,6,6,6,0,0,0,0,0,0,0,0,0,0,0,0,0,0,0,0,0,0,0,0,0,0,0,0,6,6,6,0,0,39,0,0,39,0,39,0,0,0,0,0,0,0,0,0,0,0
29,0,0,0,0,0,0,0,0,0,0,0,0,0,0,0,29,29,40,0,0,0,0,0,0,0,0,0,0,0,40,52,0,52,52,52,17,17,0,0,0,0,0,0,0,0,0,17,17,26,0,0,0,0,0,0,0,0,0,0,0,0,0,0,0,0,0,26,26,0,26,0,0,0,0,0,0,0,0,0,0,0,0,0,0,0,0,0,0,0,0,0,0,0,0,0,0,0,0,0,0,0,6,0,0,0,0,0,0,0,0,0,0,0,0,0,0,0,0,0,0,0,0,0,0,0,0,0,0,0,6,6,0,39,39,0,0,39,0,0,0,0,0,0,0,0,0,0,0,0
29,0,0,0,0,0,0,0,0,0,0,0,0,0,0,0,29,29,40,0,0,0,0,0,0,0,0,0,0,40,40,52,0,0,0,52,52,17,17,17,0,0,0,0,0,0,0,0,17,26,0,0,0,0,0,0,0,0,0,0,0,0,0,0,0,0,0,26,0,26,0,0,0,0,0,0,0,0,0,0,0,0,0,0,0,0,0,0,0,0,0,0,0,0,0,0,0,0,0,0,0,6,6,0,0,0,0,0,0,0,0,0,0,0,0,0,0,0,0,0,0,0,0,0,0,0,0,0,0,0,6,39,39,39,39,39,39,39,39,39,39,0,0,0,0,0,0,0,0,0
29,0,0,0,0,0,0,0,0,0,0,0,0,0,0,0,29,40,40,0,0,0,0,0,0,0,0,0,40,40,52,52,0,0,0,0,52,52,52,17,17,0,0,0,0,0,0,0,17,26,0,0,0,0,0,0,0,0,0,0,0,0,0,0,0,0,0,26,0,0,0,0,0,0,0,0,0,0,0,0,0,0,0,0,0,0,0,0,0,0,0,0,0,0,0,0,0,0,0,0,0,0,6,0,0,0,0,0,0,0,0,0,0,0,0,0,0,0,0,0,0,0,0,0,0,0,0,0,0,6,6,39,0,0,0,0,0,0,0,39,39,0,0,0,0,0,0,0,0,0
29,0,0,0,0,0,0,0,0,0,0,0,0,0,0,0,29,40,0,0,0,0,0,0,0,0,0,0,40,52,52,0,0,0,0,0,0,0,52,52,17,17,17,17,17,0,0,0,17,26,26,0,0,0,0,0,0,0,0,0,0,0,0,0,0,0,0,26,26,26,0,0,0,0,0,0,0,0,0,0,0,0,0,0,0,0,0,0,0,0,0,0,0,0,0,0,0,0,0,0,0,0,6,0,0,0,0,0,0,0,0,0,0,0,0,0,0,0,0,0,0,0,0,0,0,0,0,0,0,6,39,39,0,0,0,0,0,0,0,39,0,39,0,0,0,0,0,0,0,0
29,0,0,0,0,0,0,0,0,0,0,0,0,0,0,0,29,40,0,0,0,0,0,0,0,0,0,0,40,52,0,0,0,0,0,0,0,0,0,52,42,42,42,42,17,17,0,0,17,17,26,0,0,0,0,0,0,0,0,0,0,0,0,0,0,0,0,26,0,0,0,0,0,0,0,0,0,0,0,0,0,0,0,0,0,0,0,0,0,0,0,0,0,0,0,0,0,0,0,0,0,0,6,6,0,0,0,0,0,0,0,0,0,0,0,0,0,0,0,0,0,0,0,0,0,0,0,0,6,6,39,0,0,0,0,0,0,0,0,39,39,0,0,0,0,0,0,0,0,0
29,0,0,0,0,0,0,0,0,0,0,0,0,0,0,0,29,40,0,0,0,0,0,0,0,0,0,0,40,52,52,0,0,0,0,0,0,0,52,52,42,0,0,42,42,17,17,0,0,17,26,26,0,0,0,0,0,0,0,0,0,0,0,0,0,0,26,26,26,0,0,0,0,0,0,0,0,0,0,0,0,0,0,0,0,0,0,0,0,0,0,0,0,0,0,0,0,0,0,0,18,18,0,6,6,0,0,0,0,0,0,0,0,0,0,0,0,0,0,0,0,0,0,0,0,0,0,6,6,39,39,0,0,0,0,0,0,0,0,0,39,39,39,0,0,0,0,0,0,0
29,0,0,0,0,0,0,0,0,0,0,0,0,0,0,0,29,40,40,0,0,0,0,0,0,0,0,0,40,40,52,0,0,0,0,0,0,52,52,42,42,0,0,0,42,42,17,17,17,17,17,26,26,0,0,0,0,0,0,0,0,0,0,0,0,26,26,0,26,0,0,0,0,0,0,0,0,0,0,0,0,0,0,0,0,0,0,0,0,0,0,0,0,0,0,0,0,0,0,18,18,18,18,0,6,6,6,0,0,0,0,0,0,0,0,0,0,0,0,0,0,0,0,0,0,0,0,6,39,39,0,0,0,0,0,0,0,0,0,0,0,0,39,39,0,0,0,0,0,0
29,0,0,0,0,0,0,0,0,0,0,0,0,0,0,0,29,29,40,0,0,0,0,0,0,0,0,0,40,52,52,0,0,0,0,0,52,52,42,42,0,0,0,0,0,42,42,42,17,17,17,17,26,26,0,0,0,0,0,0,0,0,0,0,26,26,0,0,0,0,0,0,0,0,0,0,0,0,0,0,0,0,0,0,0,0,0,0,0,0,0,0,0,0,0,0,0,0,0,0,18,0,18,18,18,18,6,6,0,0,0,0,0,0,0,0,0,0,0,0,0,0,0,0,0,0,6,6,39,0,0,0,0,0,0,0,0,0,0,0,0,0,39,0,0,0,0,0,0,0
29,0,0,0,0,0,0,0,0,0,0,0,0,0,0,0,29,40,40,0,0,0,0,0,0,0,0,40,40,21,52,52,0,0,52,52,52,42,42,0,0,0,0,0,0,0,0,42,42,17,17,17,17,26,26,0,0,0,0,0,0,0,0,0,26,0,0,0,0,0,0,0,0,0,0,0,0,0,0,0,0,0,0,0,0,0,0,0,0,0,0,0,0,0,0,0,0,0,0,0,18,0,0,0,0,18,18,6,6,0,0,0,0,0,0,0,0,0,0,0,0,0,0,0,0,0,6,39,39,0,0,0,0,0,0,0,0,0,0,0,0,0,39,39,39,0,0,0,0,0
29,0,0,0,0,0,0,0,0,0,0,0,0,0,0,0,29,40,0,0,0,0,0,0,0,0,0,40,21,21,21,52,52,52,52,42,42,42,0,0,0,0,0,0,0,0,0,0,42,42,17,17,17,17,26,0,0,0,0,0,0,26,26,26,26,26,0,0,0,0,0,0,0,0,0,0,0,0,0,0,0,0,0,0,0,0,0,0,0,0,0,0,0,0,0,0,0,0,0,18,18,18,0,0,0,0,18,18,6,6,6,0,0,0,0,0,0,0,0,0,0,0,0,0,0,6,6,39,0,0,0,0,0,0,0,0,0,0,0,0,0,0,0,39,0,0,0,0,0,0
29,0,0,0,0,0,0,0,0,0,0,0,0,0,0,0,29,40,0,0,0,0,0,0,0,0,0,40,21,0,21,21,21,52,42,42,0,0,0,0,0,0,0,0,0,0,0,0,42,42,42,0,17,17,26,0,0,0,0,0,0,26,0,0,0,0,0,0,0,0,0,0,0,0,0,0,0,0,0,0,0,0,0,0,0,0,0,0,0,0,0,0,0,0,0,0,0,0,0,18,0,18,0,0,0,0,0,18,18,18,6,6,0,0,0,0,0,0,0,0,0,0,0,0,6,6,39,39,0,0,0,0,0,0,0,0,0,0,0,0,0,0,0,39,0,0,0,0,0,0
29,0,0,0,0,0,0,0,0,0,0,0,0,0,0,0,29,40,0,0,0,0,0,0,0,0,0,40,21,0,0,0,21,21,42,42,0,0,0,0,0,0,0,0,42,42,42,42,42,16,42,42,17,17,26,0,0,0,0,26,26,26,26,0,0,0,0,0,0,0,0,0,0,0,0,0,0,0,0,0,0,0,0,0,0,0,0,0,0,0,0,0,0,0,0,0,0,0,0,0,0,18,0,0,0,0,0,0,0,18,18,6,6,6,0,0,0,0,0,0,0,0,0,6,6,39,39,0,0,0,0,0,0,0,0,0,0,0,0,0,0,0,0,39,0,0,0,0,0,0
29,0,0,0,0,0,0,0,0,0,0,0,0,0,0,0,29,40,0,0,0,0,0,0,0,0,40,40,21,0,0,0,0,21,21,42,0,0,0,0,0,0,42,42,42,16,16,16,16,16,16,42,17,17,26,26,0,0,26,26,0,26,0,0,0,0,0,0,0,0,0,0,0,0,0,0,7,0,0,0,0,0,7,0,0,0,0,0,0,7,7,0,0,0,0,0,0,0,0,0,18,18,0,0,0,0,0,0,0,0,18,18,18,6,6,0,0,0,0,0,0,0,0,6,39,39,0,0,0,0,0,0,0,0,0,0,0,0,0,0,0,0,0,39,0,0,0,0,0,0
29,0,0,0,0,0,0,0,0,0,0,0,0,0,0,0,29,40,0,0,0,0,0,0,0,40,40,21,21,0,0,0,0,0,21,42,42,0,0,0,0,42,42,16,16,16,0,0,0,0,16,16,0,0,0,26,26,26,26,0,0,0,0,0,0,0,0,0,0,0,0,0,0,0,0,0,7,7,7,0,7,7,7,0,0,0,0,7,0,7,7,7,7,7,0,0,0,0,0,18,18,0,0,0,0,0,0,0,0,0,0,0,18,18,6,6,6,0,0,0,0,0,0,6,39,0,0,0,0,0,0,0,0,0,0,0,0,0,0,0,0,0,0,39,0,0,0,0,0,0
29,0,0,0,0,0,0,0,0,0,0,0,0,0,29,29,29,40,0,0,0,0,0,0,40,40,21,21,0,0,0,0,0,0,21,21,42,42,0,0,42,42,16,16,0,0,0,0,0,0,0,16,16,0,0,0,0,0,0,0,0,0,0,0,0,0,0,0,0,0,0,0,0,0,0,7,7,0,7,7,7,0,7,7,7,0,7,7,7,7,0,0,0,7,7,0,0,0,7,0,18,0,0,0,0,0,0,0,0,0,0,0,0,18,18,18,6,6,0,0,0,0,6,6,39,0,0,0,0,0,0,0,0,0,0,0,0,0,0,0,0,0,0,39,39,0,0,0,0,0
29,0,0,0,0,0,0,0,0,0,0,0,0,0,29,40,40,40,0,0,0,0,0,0,40,21,21,0,0,0,0,0,0,0,0,21,21,42,0,42,42,16,16,0,0,0,0,0,0,0,0,0,16,0,0,0,0,0,0,0,0,0,0,0,0,0,0,0,0,0,7,0,7,0,7,7,0,0,0,0,0,0,0,0,7,7,7,0,0,0,0,0,0,7,0,7,7,7,7,7,18,0,0,0,0,0,0,0,0,0,0,0,0,0,0,18,18,6,6,0,0,0,6,39,39,0,0,0,0,0,0,0,0,0,0,0,0,0,0,0,0,0,39,39,39,0,0,0,0,0
29,0,0,0,0,0,0,0,0,0,0,0,0,29,29,40,0,0,0,0,0,0,0,40,40,21,0,0,0,0,0,0,0,0,21,21,21,42,42,42,16,16,0,0,0,0,0,0,0,0,0,0,16,16,0,0,0,0,0,0,0,0,0,0,0,0,0,0,0,0,0,7,7,7,7,0,0,0,0,0,0,0,0,0,0,0,0,0,0,0,0,0,0,7,7,7,0,0,7,7,18,0,0,0,0,0,0,0,0,0,0,0,0,0,0,0,18,18,6,6,0,0,6,39,0,0,0,0,0,0,0,0,0,0,0,0,0,0,0,0,0,0,39,0,39,0,0,0,0,0
29,0,0,0,0,0,0,0,0,0,0,0,29,29,40,40,0,0,0,0,0,0,40,40,21,21,0,0,0,0,0,0,0,21,21,16,16,16,16,16,16,0,0,0,0,0,0,0,0,0,0,0,16,0,0,0,0,0,0,0,0,0,0,0,0,0,0,0,0,0,0,7,0,0,0,0,0,0,0,0,0,0,0,0,0,0,0,0,0,0,0,0,0,0,0,0,0,0,7,0,18,0,0,0,0,0,0,0,0,0,0,0,0,0,0,0,0,18,18,6,6,0,6,39,0,0,0,0,0,0,0,0,0,0,0,0,0,0,0,0,0,0,39,0,0,0,0,0,0,0
29,29,29,29,29,29,29,0,0,0,0,29,29,40,40,0,0,0,0,0,0,40,40,21,21,0,0,0,0,21,21,21,21,21,16,16,0,0,0,0,0,0,0,0,0,0,0,0,0,0,0,16,16,16,0,0,0,0,0,0,0,0,0,0,0,0,0,0,0,7,7,7,0,0,0,0,0,0,0,0,0,0,0,0,0,0,0,0,0,0,0,0,0,0,0,0,0,0,7,18,18,0,0,0,0,0,0,0,0,0,0,0,0,0,0,0,0,0,18,18,6,6,6,39,0,0,0,0,0,0,0,0,0,0,0,0,0,0,0,0,0,0,39,39,39,0,0,0,0,0
0,36,36,36,0,0,29,29,29,29,29,29,0,40,0,0,0,0,0,0,40,40,21,21,0,0,0,0,21,21,16,21,21,16,16,0,0,0,0,0,0,0,0,0,0,0,0,0,0,0,0,16,0,16,0,0,0,0,0,0,0,0,0,0,0,0,0,0,0,0,7,0,0,0,0,0,0,0,0,0,0,0,0,0,0,0,0,0,0,0,0,0,0,0,0,0,0,0,7,18,18,0,0,0,0,0,0,0,0,0,0,0,0,0,0,0,0,0,0,18,18,18,39,39,0,0,0,0,0,0,0,0,0,0,0,0,0,0,0,0,0,0,39,0,0,0,0,0,0,0
0,36,0,36,36,36,36,36,36,0,0,0,29,40,40,40,0,0,0,40,40,21,21,0,0,0,0,21,21,16,16,16,16,16,0,0,0,0,0,0,0,0,0,0,0,0,0,0,0,0,0,16,0,0,0,0,0,0,0,0,0,0,0,0,0,0,0,0,7,0,7,0,0,0,0,0,0,0,0,0,0,0,0,0,0,0,0,0,0,0,0,0,0,0,0,0,0,0,7,7,18,18,0,0,0,0,0,0,0,0,0,0,0,0,0,0,0,0,0,0,0,18,39,39,0,0,0,0,0,0,0,0,0,0,0,0,0,0,0,0,0,39,39,39,0,0,0,0,0,0
36,36,0,0,0,0,0,0,36,36,0,0,36,36,0,40,40,0,0,40,21,21,0,0,0,0,21,21,16,16,0,0,0,0,0,0,0,0,0,0,0,0,0,0,0,0,0,0,0,0,0,16,16,0,0,0,0,0,0,0,0,0,0,0,0,0,0,0,7,7,7,0,0,0,0,0,0,0,0,0,0,0,0,0,0,0,0,0,0,0,0,0,0,0,0,0,0,0,0,7,0,18,0,0,0,0,0,0,0,0,0,0,0,0,0,0,0,0,0,0,0,18,18,39,0,0,0,0,0,0,0,0,0,0,0,0,0,0,0,0,0,39,0,39,0,0,0,0,0,0
36,0,0,0,0,0,0,0,0,36,36,36,36,36,40,0,40,40,40,40,21,0,0,0,0,21,21,16,16,0,0,0,0,0,0,0,0,0,0,0,0,0,0,0,0,0,0,0,0,0,0,16,0,16,0,0,0,0,0,0,0,0,0,0,0,0,0,7,7,0,0,0,0,0,0,0,0,0,0,0,0,0,0,0,0,0,0,0,0,0,0,0,0,0,0,0,0,0,0,7,7,18,0,0,0,0,0,0,0,0,0,0,0,0,0,0,0,0,0,0,0,0,18,39,39,0,0,0,0,0,0,0,0,0,0,0,0,0,0,0,0,39,0,0,0,0,0,0,0,0
36,0,0,0,0,0,0,0,0,0,0,0,0,36,0,40,40,40,0,0,21,0,0,0,21,21,16,16,0,0,0,0,0,0,0,0,0,0,0,0,0,0,0,0,0,0,0,0,0,0,0,16,16,16,0,0,0,0,0,0,0,0,0,0,0,0,0,7,0,0,0,0,0,0,0,0,0,0,0,0,0,0,0,0,0,0,0,0,0,0,0,0,0,0,0,0,0,0,0,0,7,18,18,0,0,0,0,0,0,0,0,0,0,0,0,0,0,0,0,0,0,0,18,18,39,39,0,0,0,0,0,0,0,0,0,0,0,0,0,0,0,39,0,0,0,0,0,0,0,0
36,0,0,0,0,0,0,0,0,0,0,0,0,36,36,0,36,36,36,0,21,21,21,21,21,16,16,0,0,0,0,0,0,0,0,0,0,0,0,0,0,0,0,0,0,0,0,0,0,0,0,0,0,16,0,0,0,0,0,0,0,0,0,0,0,0,0,7,0,0,0,0,0,0,0,0,0,0,0,0,0,0,0,0,0,0,0,0,0,0,0,0,0,0,0,0,0,0,0,0,7,7,18,0,0,0,0,0,0,0,0,0,0,0,0,0,0,0,0,0,0,0,0,18,18,39,39,0,0,0,0,0,0,0,0,0,0,0,0,0,0,39,0,0,0,0,0,0,0,0
36,0,0,0,0,0,0,0,0,0,0,0,0,0,36,36,36,0,36,0,21,21,0,16,16,16,0,0,0,0,0,0,0,0,0,0,0,0,0,0,0,0,0,0,0,0,0,0,0,0,0,0,0,16,0,0,0,0,0,0,0,0,0,0,0,0,0,7,0,0,0,0,0,0,0,0,0,0,0,0,0,0,0,0,0,0,0,0,0,0,0,0,0,0,0,0,0,0,0,0,0,7,18,18,0,0,0,0,0,0,0,0,0,0,0,0,0,0,0,0,0,0,0,0,18,0,39,0,0,0,0,0,0,0,0,0,0,0,0,0,0,39,0,0,0,0,0,0,0,0
36,0,0,0,0,0,0,0,0,0,0,0,0,0,0,0,0,36,36,21,21,21,16,16,0,0,0,0,0,0,0,0,0,0,0,0,0,0,0,0,0,0,0,0,0,0,0,0,0,0,0,0,16,16,16,0,0,0,0,0,0,0,0,0,0,0,7,7,0,0,0,0,0,0,0,0,0,0,0,0,0,0,0,0,0,0,0,0,0,0,0,0,0,0,0,0,0,0,0,0,7,7,0,18,0,0,0,0,0,0,0,0,0,0,0,0,0,0,0,0,0,0,0,0,18,18,39,39,0,0,0,0,0,0,0,0,0,0,0,0,39,39,39,0,0,0,0,0,0,0
36,0,0,0,0,0,0,0,0,0,0,0,0,0,0,0,36,36,4,4,4,16,16,0,16,16,16,16,16,16,16,16,0,0,0,0,0,0,0,0,0,0,0,0,0,0,0,0,0,0,0,0,16,0,0,0,0,0,0,0,0,0,0,0,0,0,0,7,7,7,0,0,0,0,0,0,0,0,0,0,0,0,0,0,0,0,0,0,0,0,0,0,0,0,0,0,0,0,7,7,7,5,5,18,0,0,0,0,0,0,0,0,0,0,0,0,0,0,0,0,0,0,0,0,0,18,18,39,39,0,0,0,0,0,0,0,0,0,0,0,39,0,0,0,0,0,0,0,0,0
36,0,0,0,0,0,0,0,0,0,0,0,0,0,0,36,36,4,4,0,4,4,16,16,16,41,41,41,41,41,41,16,16,0,0,0,0,0,0,0,0,0,0,0,0,0,0,0,0,0,0,0,16,16,0,0,0,0,0,0,0,0,0,0,0,0,0,7,0,7,0,0,0,0,0,0,0,0,0,0,0,0,0,0,0,0,0,0,0,0,0,0,0,0,0,0,0,7,7,5,5,5,5,18,0,0,0,0,0,0,0,0,0,0,0,0,0,0,0,0,0,0,0,0,0,0,18,18,39,39,39,39,39,39,0,0,0,0,0,0,39,0,0,0,0,0,0,0,0,0
36,0,0,0,0,0,0,0,0,0,0,0,0,0,0,36,4,4,0,0,0,4,4,41,41,41,0,0,0,0,41,41,16,16,0,0,0,0,0,0,0,0,0,0,0,0,0,0,0,0,0,0,16,16,0,0,0,0,0,0,0,0,0,0,0,0,0,0,0,7,0,0,0,0,0,0,0,0,0,0,0,0,0,0,0,0,0,0,0,0,0,0,0,0,0,0,7,7,5,5,0,0,5,18,0,0,0,0,0,0,0,0,0,0,0,0,0,0,0,0,0,0,0,18,18,18,18,18,12,12,39,39,12,39,39,39,39,39,39,39,39,0,0,0,0,0,0,0,0,0
36,0,0,0,0,0,0,0,0,0,0,0,0,0,36,36,4,0,0,0,4,4,41,41,0,0,0,0,0,0,0,41,41,16,16,0,0,0,0,0,0,0,0,0,0,0,0,0,0,0,0,0,16,0,0,0,0,0,0,0,0,0,0,0,0,0,0,0,7,7,0,0,0,0,0,0,0,0,0,0,0,0,0,0,0,0,0,0,0,0,0,0,0,0,0,7,7,5,5,0,0,0,5,18,18,18,0,0,0,0,0,0,0,0,0,0,18,18,18,18,18,18,18,18,12,12,12,12,12,12,12,12,12,12,12,12,12,12,12,0,0,39,0,0,0,0,0,0,0,0
36,0,0,0,0,0,0,0,0,0,0,0,0,0,36,4,4,0,0,0,4,41,41,0,0,0,0,0,0,0,0,0,41,41,16,16,16,0,0,0,0,0,0,0,0,0,0,0,0,0,0,0,16,0,0,0,0,0,0,0,0,0,0,0,0,0,0,7,0,7,0,0,0,0,0,0,0,0,0,0,0,0,0,0,0,0,0,0,0,0,0,0,0,0,7,7,5,5,0,0,0,0,5,5,5,18,0,0,0,0,0,0,0,0,0,18,18,12,12,12,12,12,12,12,12,0,0,0,0,0,0,0,0,0,0,0,0,0,12,12,12,12,0,0,0,0,0,0,0,0
36,0,0,0,0,0,0,0,0,0,0,0,0,0,36,4,0,0,0,4,4,41,0,0,0,0,0,0,0,0,0,0,0,41,41,41,16,16,16,16,16,16,16,16,16,16,0,0,0,0,0,16,16,0,0,0,0,0,0,0,0,0,0,0,0,0,0,0,7,7,7,0,0,0,0,0,0,0,0,0,0,0,0,0,0,0,0,0,0,0,0,7,7,7,7,5,5,0,0,0,0,0,0,0,5,18,18,18,0,0,0,0,0,18,18,18,12,12,0,0,0,0,0,0,0,0,0,0,0,0,0,0,0,0,0,0,0,0,0,0,12,0,12,0,0,0,0,0,0,0
36,0,0,0,0,0,0,0,0,0,0,0,0,36,36,4,0,0,0,4,41,41,0,0,0,0,0,0,0,0,0,0,0,0,0,41,41,41,41,41,41,41,41,41,41,16,16,0,0,16,16,16,0,16,0,0,0,0,0,0,0,0,0,0,0,0,0,0,0,0,7,0,0,0,0,0,0,0,0,0,0,0,0,0,0,0,0,0,7,7,7,7,5,5,5,5,0,0,0,0,0,0,0,0,5,5,0,18,18,18,18,0,18,18,12,12,12,0,0,0,0,0,0,0,0,0,0,0,0,0,0,0,0,0,0,0,0,0,0,0,12,12,0,13,13,0,0,0,0,0
36,0,0,0,0,0,0,0,0,0,0,0,36,36,4,4,0,0,0,4,41,0,0,0,0,0,0,0,0,0,0,0,0,0,0,0,0,0,0,0,0,0,0,0,41,41,16,16,0,16,0,0,0,0,0,0,0,0,0,0,0,0,0,0,0,0,0,0,0,0,7,0,0,0,0,0,0,0,0,0,0,0,0,0,7,7,7,7,7,5,5,5,5,0,0,0,0,0,0,0,0,0,0,0,0,5,5,0,18,0,18,18,18,12,12,0,0,0,0,0,0,0,0,0,0,0,0,0,0,0,0,0,0,0,0,0,0,0,0,0,12,13,13,13,13,13,0,0,0,0
36,0,0,0,0,0,0,0,0,0,0,36,36,4,4,0,0,0,0,4,41,0,0,0,0,0,0,0,0,0,0,0,0,0,0,0,0,0,0,0,0,0,0,0,0,41,41,16,16,16,16,0,0,0,0,0,0,0,0,0,0,0,0,0,0,0,0,0,0,7,7,0,0,0,0,0,0,0,0,0,0,0,0,7,7,5,5,5,5,5,0,0,0,0,0,0,0,0,0,0,0,0,0,0,0,5,0,5,0,18,0,0,12,12,0,0,0,0,0,0,0,0,0,0,0,0,0,0,0,0,0,0,0,0,0,0,0,0,0,12,12,13,0,0,0,13,13,0,0,0
36,0,0,0,0,0,0,0,0,0,36,36,4,4,0,0,0,0,0,4,41,41,0,0,0,0,0,0,0,0,0,0,0,0,0,0,0,0,0,0,0,0,0,0,0,0,41,41,0,16,16,0,0,0,0,0,0,0,0,0,0,0,0,0,0,0,0,0,0,0,7,0,0,0,0,0,0,0,0,0,0,7,7,7,5,5,0,0,0,0,0,0,0,0,0,0,0,0,0,0,0,0,0,0,0,5,5,0,5,0,0,0,12,0,0,0,0,0,0,0,0,0,0,0,0,0,0,0,0,0,0,0,0,0,0,0,0,12,12,12,13,13,0,0,0,0,13,13,0,0
36,0,0,0,0,0,0,0,0,36,36,4,4,0,0,0,0,0,0,4,4,41,0,0,0,0,0,0,0,0,0,0,0,0,0,0,0,0,0,0,0,0,0,0,0,0,0,41,41,41,16,0,0,0,0,0,0,0,0,0,0,0,0,0,0,0,0,0,0,7,7,7,0,0,0,0,0,0,0,7,7,7,5,5,5,0,0,0,0,0,0,0,0,0,0,0,0,0,0,0,0,0,0,0,0,0,5,5,0,0,0,12,12,0,0,0,0,0,0,0,0,0,0,0,0,0,0,0,0,0,0,0,0,0,0,0,12,12,13,13,13,0,0,0,0,0,0,13,0,0
36,0,0,0,0,0,0,0,36,36,4,4,0,0,0,0,0,0,0,0,4,41,0,0,0,0,0,0,0,0,0,0,0,0,0,0,0,0,0,0,0,0,0,0,0,0,0,41,41,41,0,0,0,0,0,0,0,0,0,0,0,0,0,0,0,0,0,0,0,0,0,7,0,0,0,0,0,0,7,7,5,5,5,0,0,0,0,0,0,0,0,0,0,0,0,0,0,0,0,0,0,0,0,0,0,0,0,5,0,0,12,12,0,0,0,0,0,0,0,0,0,0,0,0,0,0,0,0,0,0,0,0,0,0,0,12,12,13,13,0,0,0,0,0,0,0,0,13,13,13
36,0,0,0,0,36,36,36,36,4,4,0,0,0,0,0,0,0,0,0,4,41,0,0,0,0,0,0,0,0,0,0,0,0,0,0,0,0,0,0,0,0,0,0,0,41,41,41,9,41,9,0,9,0,0,0,0,0,0,0,0,0,0,0,0,0,0,0,0,0,0,7,7,0,7,7,7,7,7,5,5,0,0,0,0,0,0,0,0,0,0,0,0,0,0,0,0,0,0,0,0,0,0,0,0,0,5,5,0,0,12,12,0,0,0,0,0,0,0,0,0,0,0,0,0,0,0,0,0,0,0,0,0,0,0,12,13,13,0,0,0,0,0,0,0,0,0,0,13,13
36,0,0,36,36,36,4,4,4,4,0,0,0,0,0,0,0,0,0,0,4,41,41,0,0,0,0,0,0,0,0,0,0,0,0,0,0,0,0,0,0,0,0,0,0,41,9,9,9,9,9,9,9,0,0,0,0,0,0,0,0,0,0,0,0,0,0,0,0,0,0,0,7,7,7,5,5,5,5,5,0,0,0,0,0,0,0,0,0,0,0,0,0,0,0,0,0,0,0,0,0,0,0,0,0,5,5,51,51,51,0,12,0,0,0,0,0,0,0,0,0,0,0,0,0,0,0,0,0,0,0,0,0,0,12,12,13,0,0,0,0,0,0,0,0,0,0,0,13,0
36,0,36,36,4,4,4,0,0,0,0,0,0,0,0,0,0,0,0,0,4,4,41,0,0,0,0,0,0,0,0,0,0,0,0,0,0,0,0,0,0,0,0,0,41,41,9,0,0,0,0,0,9,0,0,0,0,0,0,0,0,0,0,0,0,0,0,0,0,0,0,0,0,7,5,5,0,0,0,0,0,0,0,0,0,0,0,0,0,0,0,0,0,0,0,0,0,0,0,0,0,0,0,0,5,5,51,51,0,51,0,12,12,12,12,0,0,0,0,0,0,0,0,0,0,0,0,0,0,0,0,0,0,0,12,13,13,0,0,0,0,0,0,0,0,0,0,0,13,0
36,0,36,4,4,0,0,0,0,0,0,0,0,0,0,0,0,0,0,0,0,4,41,0,0,0,0,0,0,0,0,0,0,0,0,0,0,0,0,0,0,0,0,41,41,9,9,0,0,0,0,0,9,9,9,0,0,0,0,0,0,0,0,0,0,0,0,0,38,38,38,38,0,5,5,5,0,0,0,0,0,0,0,0,0,0,0,0,0,0,0,0,0,0,0,0,0,0,0,0,0,0,0,5,5,51,51,0,0,51,0,0,23,0,12,12,0,0,0,0,0,0,0,0,0,0,0,0,0,0,0,0,0,12,12,13,0,0,0,0,0,0,0,0,0,0,0,0,13,13
36,36,36,4,0,0,0,0,0,0,0,0,0,0,0,0,0,0,0,0,0,4,41,41,0,0,0,0,0,0,0,0,0,0,0,0,0,0,0,0,0,41,41,41,9,9,0,0,0,0,0,0,9,9,9,0,0,0,0,0,0,0,0,0,38,38,38,0,38,0,38,0,38,5,0,5,5,0,0,0,0,0,0,0,0,0,0,0,0,0,0,0,0,0,0,0,0,0,0,0,0,0,5,5,51,51,0,0,0,51,23,23,23,23,23,12,12,0,0,0,0,0,0,0,0,0,0,0,0,0,0,0,0,12,13,13,0,0,0,0,0,0,0,0,0,0,0,0,0,13
36,36,4,4,0,0,0,0,0,0,0,0,0,0,0,0,0,0,0,0,0,4,4,41,41,0,0,0,0,0,0,0,0,0,0,0,0,0,0,0,41,41,9,9,9,0,0,0,0,0,0,0,9,0,9,0,0,0,0,0,38,38,38,38,0,38,38,38,38,0,38,38,0,38,38,0,5,5,0,0,0,0,0,0,0,0,0,0,0,0,0,0,0,0,0,0,0,0,0,0,0,5,5,51,51,0,0,0,0,51,23,0,0,0,23,23,12,12,0,0,0,0,0,0,0,0,0,0,0,0,0,0,12,12,13,0,0,0,0,0,0,0,0,0,0,0,0,0,0,13
36,4,4,0,0,0,0,0,0,0,0,0,0,0,0,0,0,0,0,0,0,0,4,4,41,0,0,0,0,0,0,0,41,41,41,0,0,0,0,41,41,9,9,0,0,0,0,0,0,0,0,0,9,9,0,0,0,0,0,38,38,0,0,38,38,38,0,0,0,0,0,38,38,38,38,38,0,5,5,5,0,0,0,0,0,0,0,0,0,0,0,0,0,0,0,0,0,0,0,0,5,5,51,51,0,0,0,0,51,51,23,0,0,0,0,23,23,12,12,0,0,0,0,0,0,0,0,0,0,0,0,12,12,13,13,0,0,0,0,0,0,0,0,0,0,0,0,0,0,13
4,4,0,0,0,0,0,0,0,0,0,0,0,0,0,0,0,0,0,0,0,4,4,4,41,0,0,0,0,0,41,41,41,9,41,41,41,41,41,41,9,9,0,0,0,0,0,0,0,0,0,0,0,9,9,9,0,0,0,38,0,0,0,0,0,0,0,0,0,0,0,0,0,0,0,38,38,38,38,5,5,0,0,0,0,0,0,0,0,0,0,0,0,0,0,0,0,0,0,5,5,51,51,0,0,0,0,0,51,23,23,0,0,0,0,0,23,23,12,12,0,0,0,0,0,0,0,0,0,12,12,12,13,13,0,0,0,0,0,0,0,0,0,0,0,0,0,0,0,13
4,0,0,0,0,0,0,0,0,0,0,0,0,0,0,0,0,0,0,0,4,4,3,3,41,41,0,0,0,41,41,9,9,9,9,41,9,9,9,9,9,0,0,0,0,0,0,0,0,0,0,0,0,9,0,0,0,0,38,38,0,0,0,0,0,0,0,0,0,0,0,0,0,0,0,0,0,0,38,38,5,5,0,0,0,0,0,0,0,0,0,0,0,0,0,0,0,0,5,5,51,51,0,0,0,0,0,0,51,23,0,0,0,0,0,0,0,23,23,12,12,0,0,0,0,0,0,0,0,12,13,13,13,0,0,0,0,0,0,0,0,0,0,0,0,0,0,0,0,13
4,0,0,0,0,0,0,0,0,0,0,0,0,0,0,0,0,0,0,4,4,3,3,3,3,41,41,41,41,41,9,9,0,0,9,9,9,0,0,0,0,0,0,0,0,0,0,0,0,0,0,0,0,9,0,9,0,38,38,38,0,0,0,0,0,0,0,0,0,0,0,0,0,0,0,0,0,0,0,38,38,5,5,0,0,0,0,0,0,0,0,0,5,5,5,5,5,5,5,51,51,0,0,0,0,0,0,0,51,23,0,0,0,0,0,0,0,0,23,23,12,12,0,0,0,0,0,0,12,12,13,0,0,0,0,0,0,0,0,0,0,0,0,0,0,0,0,0,0,13
4,0,0,0,0,0,0,0,0,0,0,0,0,0,0,0,0,0,4,4,3,3,0,0,3,3,41,41,9,9,9,0,0,0,0,0,0,0,0,0,0,0,0,0,0,0,0,0,0,0,0,0,9,9,9,0,0,0,0,38,0,0,0,0,0,0,0,0,0,0,0,0,0,0,0,0,0,0,0,0,38,38,5,0,0,0,0,0,0,5,5,5,5,51,51,51,51,51,51,51,0,0,0,0,0,0,0,0,51,23,0,0,0,0,0,0,0,0,0,23,23,12,12,12,12,12,0,12,12,13,13,0,0,0,0,0,0,0,0,0,0,0,0,0,0,0,0,0,0,13
4,0,0,0,0,0,0,0,0,0,0,0,0,0,0,0,4,4,4,3,3,0,0,0,0,3,3,9,9,0,0,0,0,0,0,0,0,0,0,0,0,0,0,0,0,0,0,0,0,0,9,9,9,15,15,15,0,0,0,38,0,0,0,0,0,0,0,0,0,0,0,0,0,0,0,0,0,0,0,0,0,38,5,0,0,5,5,5,5,5,51,51,51,51,0,0,0,0,0,0,0,0,0,0,0,0,0,51,51,23,0,0,0,0,0,0,0,0,0,0,23,23,23,23,23,12,12,12,13,13,0,0,0,0,0,0,0,0,0,0,0,0,0,0,0,0,0,0,0,13
4,0,0,0,0,0,0,0,0,0,0,4,4,4,4,4,4,3,3,3,0,0,0,0,0,0,3,3,9,9,0,0,0,0,0,0,0,0,0,0,0,9,9,9,9,9,9,9,9,9,9,15,15,15,0,15,15,38,38,38,0,0,0,0,0,0,0,0,0,0,0,0,0,0,0,0,0,0,0,0,0,38,5,5,5,5,33,5,5,51,51,0,0,0,0,0,0,0,0,0,0,0,0,0,0,0,0,51,23,23,0,0,0,0,0,0,0,0,0,0,0,0,0,0,23,23,23,13,13,0,0,0,0,0,0,0,0,0,0,0,0,0,0,0,0,0,0,0,0,13
4,0,0,0,0,0,0,0,0,0,4,4,3,3,3,3,3,3,0,0,0,0,0,0,0,0,0,3,3,9,0,0,0,0,0,0,0,0,0,0,9,9,10,10,10,10,10,10,9,9,15,15,0,0,0,0,15,38,38,0,0,0,0,0,0,0,0,0,0,0,0,0,0,0,0,0,0,0,0,0,38,38,33,33,33,33,33,33,33,51,0,0,0,0,0,0,0,0,0,0,0,0,0,0,0,0,0,51,23,0,0,0,0,0,0,0,0,0,0,0,0,0,0,0,0,0,23,23,13,0,0,0,0,0,0,0,0,0,0,0,0,0,0,0,0,0,0,0,0,13
4,0,0,0,0,0,0,4,4,4,4,3,3,0,0,0,0,0,0,0,0,0,0,0,0,0,0,0,3,9,0,0,0,0,0,0,0,0,0,9,9,10,10,0,0,0,0,10,10,10,15,0,0,0,0,0,15,15,38,38,0,0,0,0,0,0,0,0,0,0,0,0,0,0,0,0,0,0,0,38,38,33,33,0,0,0,0,0,33,51,0,0,0,0,0,0,0,0,0,0,0,0,0,0,0,0,0,51,23,0,0,0,0,0,0,0,0,0,0,0,0,0,0,0,0,0,0,23,13,0,0,0,0,0,0,0,0,0,0,0,0,0,0,0,0,0,0,0,0,13
4,0,0,0,0,0,4,4,3,3,3,3,0,0,0,0,0,0,0,0,0,0,0,0,0,0,0,0,3,9,0,0,0,0,0,0,0,0,9,9,10,10,0,0,0,0,0,10,10,15,15,0,0,0,0,0,0,15,15,38,38,0,0,0,0,0,0,0,0,0,0,0,0,0,0,0,0,0,0,38,33,33,0,0,0,0,0,0,33,51,0,0,0,0,0,0,0,0,0,0,0,0,0,0,0,0,0,51,23,0,0,0,0,0,0,0,0,0,0,0,0,0,0,0,0,0,0,23,13,0,0,0,0,0,0,0,0,0,0,0,0,0,0,0,0,0,0,0,0,13
4,0,0,0,0,4,4,3,3,0,0,0,0,0,0,0,0,0,0,0,0,0,0,0,0,0,0,0,3,9,0,0,0,0,0,0,0,9,9,10,10,0,0,0,0,0,10,10,15,15,0,0,0,0,0,0,0,0,15,15,38,0,0,0,0,0,0,0,0,0,0,0,0,0,0,0,0,0,38,38,33,0,0,0,0,0,0,33,33,51,0,0,0,0,0,0,0,0,0,0,0,0,0,0,0,0,0,51,23,0,0,0,0,0,0,0,0,0,0,0,0,0,0,0,0,0,0,23,13,13,0,0,0,0,0,0,0,0,0,0,0,0,0,0,0,0,0,0,0,13
4,0,0,4,4,4,3,3,0,0,0,0,0,0,0,0,0,0,0,0,0,0,0,0,0,0,0,0,3,9,0,0,0,0,0,0,0,9,10,10,0,0,0,10,10,10,10,15,15,0,0,0,0,0,0,0,0,0,0,15,38,0,0,0,0,0,0,0,0,0,0,0,0,0,0,0,0,0,38,33,33,0,0,0,0,0,0,33,51,51,0,0,0,0,0,0,0,0,0,0,0,0,0,0,0,0,0,51,23,23,23,0,0,0,0,0,0,0,0,0,0,0,0,0,0,0,0,23,23,13,13,0,0,0,0,0,0,0,0,0,0,0,0,0,0,0,0,0,0,13
4,0,4,4,3,3,3,0,0,0,0,0,0,0,0,0,0,0,0,0,0,0,0,0,0,0,0,0,3,9,0,0,0,0,0,0,0,9,10,0,0,0,10,10,15,15,15,15,0,0,0,0,0,0,0,0,0,0,0,15,38,0,0,0,0,0,0,0,0,0,0,0,0,0,0,0,0,38,38,33,0,0,0,0,0,0,0,33,51,51,0,0,0,0,0,0,0,0,0,0,0,0,0,0,0,0,0,51,51,34,23,23,0,0,0,0,0,0,0,0,0,0,0,0,0,0,0,0,23,23,13,13,13,0,0,0,0,0,0,0,0,0,0,0,0,0,0,0,0,13
4,0,4,3,3,0,0,0,0,0,0,0,0,0,0,0,0,0,0,0,0,0,0,0,0,0,0,0,3,9,9,0,0,0,0,0,0,9,10,0,0,10,10,15,15,0,0,0,0,0,0,0,0,0,0,0,0,0,0,15,38,0,0,0,0,0,0,0,0,0,0,0,0,0,0,0,0,38,33,33,0,0,0,0,0,0,0,33,33,51,0,0,0,0,0,0,0,0,0,0,0,0,0,0,0,0,51,51,34,34,34,23,0,0,0,0,0,0,0,0,0,0,0,0,0,0,0,0,0,23,23,23,13,13,0,0,0,0,0,0,0,0,0,0,0,0,0,0,0,13
4,4,4,3,0,0,0,0,0,0,0,0,0,0,0,0,0,0,0,0,0,0,0,0,0,0,0,0,3,3,9,0,0,0,0,0,9,9,10,0,0,10,15,15,0,0,0,0,0,0,0,0,0,0,0,0,0,0,0,15,38,0,0,0,0,0,0,0,0,0,0,0,0,0,0,0,0,38,38,33,0,0,0,0,0,0,0,0,33,51,0,0,0,0,0,0,0,0,0,0,0,0,0,0,0,51,51,34,34,0,34,23,23,0,0,0,0,0,0,0,0,0,0,0,0,0,0,0,0,0,0,23,23,13,0,0,0,0,0,0,0,0,0,0,0,0,0,0,0,13
4,0,3,3,0,0,0,0,0,0,0,0,0,0,0,0,0,0,0,0,0,0,0,0,0,0,0,0,0,3,9,0,0,0,0,0,9,10,10,0,0,10,15,0,0,0,0,0,0,0,0,0,0,0,0,0,0,0,0,15,38,0,0,0,0,0,0,0,0,0,0,0,0,0,0,0,0,0,38,33,0,0,0,0,0,0,0,0,33,51,51,0,0,0,0,0,0,0,0,0,0,0,0,0,0,51,34,34,0,0,34,34,23,23,23,0,0,0,0,0,0,0,0,0,0,0,0,0,0,0,0,0,23,13,0,0,0,0,0,0,0,0,0,0,0,0,0,0,0,13
0,3,3,3,0,0,0,0,0,0,0,0,0,0,0,0,0,0,0,0,0,0,0,0,0,0,0,0,3,3,9,0,0,0,0,9,9,10,0,0,0,10,15,0,0,0,0,0,0,0,0,0,0,0,0,0,0,0,0,15,38,0,0,0,0,0,0,0,0,0,0,0,0,0,0,0,0,38,38,33,0,0,0,0,0,0,0,0,33,33,51,0,0,0,0,0,0,0,0,0,0,0,0,0,0,51,34,0,0,0,0,34,34,46,23,23,0,0,0,0,0,0,0,0,0,0,0,0,0,0,0,0,23,13,13,0,0,0,0,0,0,0,0,0,0,0,0,0,0,13
0,0,0,3,3,0,0,0,0,0,0,0,0,0,0,0,0,0,0,0,0,0,0,0,0,0,0,3,3,9,9,0,0,0,9,9,10,10,0,10,10,10,15,0,0,0,0,0,0,0,0,0,0,0,0,0,0,0,0,15,38,0,0,0,0,0,0,0,0,0,0,0,0,0,0,0,0,38,33,33,0,0,0,0,0,0,0,0,0,33,51,0,0,0,0,0,0,0,0,0,0,0,0,0,0,51,34,0,0,0,34,34,46,46,46,23,23,23,23,23,23,23,23,23,23,23,23,0,0,0,0,0,23,23,13,13,0,0,0,0,0,0,0,0,0,0,0,0,0,13
0,0,0,0,3,3,0,0,0,0,0,0,0,0,0,0,0,0,0,0,0,0,0,0,0,0,0,3,9,9,0,0,0,0,9,10,10,0,10,10,15,15,15,0,0,0,0,0,0,0,0,0,0,0,0,0,0,0,0,15,38,0,0,0,0,0,0,0,0,0,0,0,0,0,0,0,38,38,33,0,0,0,0,0,0,0,0,0,0,33,51,51,0,0,0,0,0,0,0,0,0,0,0,0,51,51,34,0,0,0,34,46,46,0,46,46,46,46,46,46,46,46,46,46,46,46,23,23,0,0,0,0,0,23,23,13,13,0,0,0,0,0,0,13,13,13,13,13,13,13
0,0,0,0,0,3,0,0,0,0,0,0,0,0,0,0,0,0,0,0,0,0,0,0,0,0,0,3,3,9,0,0,0,0,9,10,0,10,10,15,15,0,0,0,0,0,0,0,0,0,0,0,0,0,0,0,0,0,0,15,38,0,0,0,0,0,0,0,0,0,0,0,0,0,0,0,38,33,33,0,0,0,0,0,0,0,0,0,0,33,33,51,51,0,0,0,0,0,0,0,0,0,0,51,51,34,34,0,0,0,34,46,46,0,0,0,0,0,0,0,0,0,0,0,0,46,46,23,23,23,23,0,0,23,23,0,13,13,13,13,13,13,13,13,14,14,14,14,14,14
0,0,0,3,3,3,0,0,0,0,0,0,0,0,0,0,0,0,0,0,0,0,0,0,0,0,0,0,3,9,9,0,0,9,9,10,10,10,15,15,0,0,0,0,0,0,0,0,0,0,0,0,0,0,0,0,0,0,0,15,38,0,0,0,0,0,0,0,0,0,0,0,0,0,0,38,38,33,0,0,0,0,0,0,0,0,0,0,0,0,33,33,51,51,0,0,0,0,0,0,0,0,51,51,34,34,0,0,0,0,34,34,46,46,0,0,0,0,0,0,0,0,0,0,0,0,46,46,46,46,23,23,23,23,14,14,14,14,14,14,14,14,14,14,14,0,0,0,0,14
0,0,0,0,3,0,0,0,0,0,0,0,0,0,0,0,0,0,0,0,0,0,0,0,0,0,0,0,3,3,9,0,9,9,10,15,15,15,15,0,0,0,0,0,0,0,0,0,0,0,0,0,0,0,0,0,0,0,0,15,38,0,0,0,0,0,0,0,0,0,0,0,0,0,38,38,33,33,0,0,0,0,0,0,0,0,0,0,0,0,0,33,33,51,51,0,0,0,0,0,0,51,51,34,34,0,0,0,0,0,0,34,34,46,46,0,0,0,0,0,0,0,0,0,0,0,0,0,0,46,46,23,23,14,14,0,0,0,0,0,0,0,0,0,0,0,0,0,0,14
0,0,3,0,3,0,0,0,0,0,0,0,0,0,0,0,0,0,0,0,0,0,0,0,0,0,0,0,3,3,9,9,9,10,15,15,0,0,0,0,0,0,0,0,0,0,0,0,0,0,0,0,0,0,0,0,0,0,0,15,38,0,0,0,0,0,0,0,0,0,0,0,0,0,38,33,33,0,0,0,0,0,0,0,0,0,0,0,0,0,0,0,33,33,51,51,0,0,0,0,51,51,34,34,0,0,0,0,0,0,0,0,34,34,46,46,0,0,0,0,0,0,0,0,0,0,0,0,0,0,46,46,46,14,0,0,0,0,0,0,0,0,0,0,0,0,0,0,0,14
0,0,0,3,3,0,0,0,0,0,0,0,0,0,0,0,0,0,0,0,0,0,0,0,0,0,3,3,3,0,19,19,0,15,15,0,0,0,0,0,0,0,0,0,0,0,0,0,0,0,0,0,0,0,0,0,0,0,0,15,38,0,0,0,0,0,0,0,0,0,0,0,0,38,38,33,0,0,0,0,0,0,0,0,0,0,0,0,0,0,0,0,0,33,33,51,51,0,0,51,51,34,34,0,0,0,0,0,0,0,0,0,0,34,34,46,46,0,0,0,0,0,0,0,0,0,0,0,0,0,0,46,14,14,0,0,0,0,0,0,0,0,0,0,0,0,0,0,0,14
0,0,3,3,3,3,3,0,0,0,0,0,0,0,3,3,3,0,0,0,0,0,0,3,3,3,3,19,19,19,19,19,19,15,0,0,0,0,0,0,0,0,0,0,0,0,0,0,0,0,0,0,0,0,0,0,0,0,0,15,38,0,0,0,0,0,0,0,0,0,0,0,38,38,33,33,0,0,0,0,0,0,0,0,0,0,0,0,0,0,0,0,0,0,33,33,51,0,51,51,34,34,0,0,0,0,0,0,0,0,0,0,0,0,34,34,46,0,0,0,0,0,0,0,0,0,0,0,0,0,0,46,14,0,0,0,0,0,0,0,0,0,0,0,0,0,0,0,0,14
0,0,0,0,3,0,3,3,0,0,0,0,3,3,3,19,3,3,3,3,3,3,3,3,19,19,19,19,0,0,0,0,19,15,0,0,0,0,0,0,0,0,0,0,0,0,0,0,0,0,0,0,0,0,0,0,0,0,0,15,38,0,0,0,0,0,0,0,0,0,0,38,38,33,33,0,0,0,0,0,0,0,0,0,0,0,0,0,0,0,0,0,0,0,0,33,51,51,51,0,34,0,0,0,0,0,0,0,0,0,0,0,0,0,0,34,46,0,0,0,0,0,0,0,0,0,0,0,0,0,0,46,14,0,0,0,0,0,0,0,0,0,0,0,0,0,0,0,0,14
0,0,0,0,0,0,0,3,3,3,3,3,3,19,19,19,19,19,19,19,19,19,19,19,19,0,0,0,0,0,0,0,19,15,0,0,0,0,0,0,0,0,0,0,0,0,0,0,0,0,0,0,0,0,0,0,0,0,0,15,38,0,0,0,0,0,0,0,0,0,38,38,33,33,0,0,0,0,0,0,0,0,0,0,0,0,0,0,0,0,0,0,0,0,0,33,33,51,34,34,34,0,0,0,0,0,0,0,0,0,0,0,0,0,0,34,46,46,0,0,0,0,0,0,0,0,0,0,0,0,0,46,14,0,0,0,0,0,0,0,0,0,0,0,0,0,0,0,0,14
0,0,0,0,0,19,19,19,19,19,19,19,19,19,0,0,0,0,0,0,0,0,0,0,0,0,0,0,0,0,0,0,19,15,0,0,0,0,0,0,0,0,0,0,0,0,0,0,0,0,0,0,0,0,0,0,0,0,0,15,38,0,0,0,0,0,0,0,0,38,38,33,33,0,0,0,0,0,0,0,0,0,0,0,0,0,0,0,0,0,0,0,0,0,0,33,0,0,0,34,0,0,0,0,0,0,0,0,0,34,34,34,34,34,0,34,34,46,46,0,0,0,0,0,0,0,0,0,0,0,0,46,14,0,0,0,0,0,0,0,0,0,0,0,0,0,0,0,0,14
0,0,0,0,0,19,19,0,0,0,0,0,0,0,0,0,0,0,0,0,0,0,0,0,0,0,0,0,0,0,0,0,19,15,15,0,0,0,0,0,0,0,0,0,0,0,0,0,0,0,0,0,0,0,0,0,0,0,0,15,38,0,0,0,0,0,0,0,38,38,33,33,0,0,0,0,0,0,0,0,0,0,0,0,0,0,0,0,0,0,0,0,0,0,33,33,33,49,49,34,34,0,0,0,0,0,0,0,34,34,49,49,49,34,34,34,34,34,46,0,0,0,0,0,0,0,0,0,0,0,46,46,14,0,0,0,0,0,0,0,0,0,0,0,0,0,0,0,0,14
0,0,0,0,0,0,19,0,0,0,0,0,0,0,0,0,0,0,0,0,0,0,0,0,0,0,0,0,0,0,0,0,19,19,15,0,0,0,0,0,0,0,0,0,0,0,0,0,0,0,0,0,0,0,0,0,0,0,0,15,38,38,0,38,38,38,38,38,38,33,33,0,0,0,0,0,0,0,0,0,0,0,0,0,0,0,0,0,0,0,0,0,0,0,33,0,0,49,49,49,34,34,34,34,34,34,0,34,34,49,49,0,49,49,49,49,49,34,46,46,0,0,0,0,0,0,0,0,0,0,46,14,14,0,0,0,0,0,0,0,0,0,0,0,0,0,0,0,0,14
0,0,0,0,0,19,19,0,0,0,0,0,0,0,0,0,0,0,0,0,0,0,0,0,0,0,0,0,0,0,0,0,0,19,15,15,0,0,0,0,0,0,0,0,0,0,0,0,0,0,0,0,0,0,0,0,0,0,0,15,15,38,0,38,0,0,38,0,0,33,33,0,0,0,33,33,33,33,33,0,0,33,33,33,0,0,0,0,0,0,0,0,0,0,33,33,49,49,0,49,49,49,49,49,49,34,34,34,49,49,0,0,0,0,0,0,49,49,34,46,46,0,0,0,0,0,0,0,0,0,46,14,0,0,0,0,0,0,0,0,0,0,0,0,0,0,0,0,0,14
0,0,0,0,0,19,0,0,0,0,0,0,0,0,0,0,0,0,0,0,0,0,0,0,0,0,0,0,0,0,0,0,0,19,19,15,15,15,15,0,0,0,0,0,0,0,0,0,0,0,0,0,0,0,0,15,15,15,0,15,15,38,38,38,38,38,0,38,0,0,33,0,0,0,33,0,33,0,33,33,33,33,0,33,33,33,33,33,0,0,0,0,0,0,0,33,49,0,0,0,0,0,0,0,49,49,49,49,49,0,0,0,0,0,0,0,0,49,49,34,46,46,46,0,0,0,0,0,0,46,46,14,0,0,0,0,0,0,0,0,0,0,0,0,0,0,0,0,0,14
0,0,0,0,0,19,0,0,0,0,0,0,0,0,0,0,0,0,0,0,0,0,0,0,0,0,0,0,0,0,0,0,0,0,19,19,15,0,15,0,0,0,0,0,0,0,0,0,0,0,0,0,0,15,15,15,0,15,15,15,0,0,0,0,0,0,0,0,0,33,33,33,33,33,33,33,0,0,33,0,33,0,0,0,0,0,0,33,33,33,33,33,33,33,33,33,49,0,0,0,0,0,0,0,0,0,0,0,0,0,0,0,0,0,0,0,0,0,49,49,34,34,46,46,0,0,0,0,0,46,14,14,0,0,0,0,0,0,0,0,0,0,0,0,0,0,0,0,0,14
0,0,0,19,19,19,0,0,0,0,0,0,0,0,0,0,0,0,0,0,0,0,0,0,0,0,0,0,0,0,0,0,0,0,0,19,0,0,15,15,15,15,0,0,0,0,0,0,0,15,15,15,15,15,0,15,0,0,0,0,0,0,0,0,0,0,0,0,0,0,33,0,33,0,0,0,0,0,0,0,0,0,0,0,0,0,33,33,0,33,0,0,33,0,33,0,49,0,0,0,0,0,0,0,0,0,0,0,0,0,0,0,0,0,0,0,0,0,0,49,34,34,34,46,46,0,0,0,0,46,14,0,0,0,0,0,0,0,0,0,0,0,0,0,0,0,0,0,0,14
0,0,19,19,19,19,0,0,0,0,0,0,0,0,0,0,0,0,0,0,0,0,0,0,0,0,0,0,0,0,0,0,0,19,19,19,19,47,47,15,0,15,0,0,0,0,0,0,0,15,0,0,0,15,15,0,0,0,0,0,0,0,0,0,0,0,0,0,0,0,0,0,0,0,0,0,0,0,0,0,0,0,0,0,0,0,0,0,0,0,0,0,0,0,0,0,49,49,0,0,0,0,0,0,0,0,0,0,0,0,0,0,0,0,0,0,0,0,0,49,49,34,34,34,46,46,46,46,46,46,14,0,0,0,0,0,0,0,0,0,0,0,0,0,0,0,0,0,0,14
0,0,19,19,0,19,0,0,0,0,0,0,0,0,0,0,0,0,0,0,0,0,0,0,0,0,0,0,0,0,0,19,19,19,47,47,47,47,47,0,0,15,15,15,15,15,15,15,15,15,0,0,0,15,0,0,0,0,0,0,0,0,0,0,0,0,0,0,0,0,0,0,0,0,0,0,0,0,0,0,0,0,0,0,0,0,0,0,0,0,0,0,0,0,0,0,0,49,49,49,0,0,0,0,0,0,0,0,0,0,0,0,0,0,0,0,0,0,0,0,49,49,34,34,34,34,34,46,46,14,14,0,0,0,0,0,0,0,0,0,0,0,0,0,0,0,0,0,0,14
0,0,0,0,0,19,0,0,0,0,0,0,0,0,0,0,0,0,0,0,0,0,0,0,0,0,0,0,0,0,19,19,47,47,47,0,0,0,47,0,47,47,0,0,15,0,15,0,0,0,0,0,0,0,0,0,0,0,0,0,0,0,0,0,0,0,0,0,0,0,0,0,0,0,0,0,0,0,0,0,0,0,0,0,0,0,0,0,0,0,0,0,0,0,0,0,0,0,0,49,0,0,0,0,0,0,0,0,0,0,0,0,0,0,0,0,0,0,0,0,0,49,49,34,34,0,34,34,14,14,0,0,0,0,0,0,0,0,0,0,0,0,0,0,0,0,0,0,0,14
0,0,0,0,19,19,0,0,0,0,0,0,0,0,0,0,0,0,0,0,0,0,0,0,0,0,0,0,19,19,19,47,47,0,0,0,0,0,47,47,47,47,0,0,0,0,0,0,0,0,0,0,0,0,0,0,0,0,0,0,0,0,0,0,0,0,0,0,0,0,0,0,0,0,0,0,0,0,0,0,0,0,0,0,0,0,0,0,0,0,0,0,0,0,0,0,0,0,0,49,49,0,0,0,0,0,0,0,0,0,0,0,0,0,0,0,0,0,0,0,0,0,49,49,34,34,0,34,34,14,0,0,0,0,0,0,0,0,0,0,0,0,0,0,0,0,0,0,0,14
0,0,0,19,19,0,0,0,0,0,0,0,0,0,0,0,0,0,0,0,0,0,0,0,0,0,0,0,19,47,47,47,0,0,0,0,0,0,0,0,0,47,47,47,47,0,0,0,0,0,0,0,0,0,0,0,0,0,0,0,0,0,0,0,0,0,0,0,0,0,0,0,0,0,0,0,0,0,0,0,0,0,0,0,0,0,0,0,0,0,0,0,0,0,0,0,0,0,0,0,49,0,0,0,0,0,0,0,0,0,0,0,0,0,0,0,0,0,0,0,0,0,0,49,49,34,0,0,34,14,14,0,0,0,0,0,0,0,0,0,0,0,0,0,0,0,0,0,0,14
0,0,0,0,19,19,0,0,0,0,0,0,0,0,0,0,0,0,0,0,0,0,0,0,0,0,0,19,19,47,0,0,0,0,0,0,0,0,0,0,0,0,47,0,47,0,0,0,0,0,0,0,0,0,0,0,0,0,0,0,0,0,0,0,0,0,0,0,0,0,0,0,0,0,0,0,0,0,0,0,0,0,0,0,0,0,0,0,0,0,0,0,0,0,0,0,0,0,0,0,49,0,0,0,0,0,0,0,0,0,0,0,0,0,0,0,0,0,0,0,0,0,0,49,49,34,34,34,34,34,14,0,0,0,0,0,0,0,0,0,0,0,0,0,0,0,0,0,0,14
0,0,0,0,0,19,0,0,0,0,0,0,0,0,0,0,0,0,0,0,0,0,0,0,0,19,19,19,47,47,0,0,0,0,0,0,0,0,0,0,0,0,47,47,0,0,0,0,0,0,0,0,0,0,0,0,0,0,0,0,0,0,0,0,0,0,0,0,0,0,37,0,0,0,37,0,37,0,0,0,0,0,0,0,0,0,0,0,0,0,0,0,0,0,0,0,0,0,0,0,49,0,0,0,0,0,0,0,0,0,0,0,0,0,0,0,0,0,0,0,0,0,0,49,0,49,0,34,0,0,14,0,0,0,0,0,0,0,0,0,0,0,0,0,0,0,0,0,0,14
0,25,25,25,0,19,0,0,0,0,0,0,0,0,0,0,0,0,0,0,0,0,0,0,19,19,47,47,47,0,0,0,0,0,0,0,0,0,0,0,0,0,47,0,0,0,0,0,0,0,0,0,0,0,0,0,0,0,0,0,0,0,0,0,0,0,0,0,0,0,37,37,37,37,0,37,37,37,37,37,37,0,37,0,0,0,0,0,0,0,0,0,0,0,0,0,0,0,0,0,49,0,0,0,0,0,0,0,0,0,0,0,0,0,0,0,0,0,0,0,0,0,0,49,49,49,0,0,0,14,14,0,0,0,0,0,0,0,0,0,0,0,0,0,0,0,0,0,0,14
0,0,25,25,25,19,19,19,0,0,0,0,0,0,0,0,0,0,0,19,19,19,19,19,19,47,47,0,0,0,0,0,0,0,0,0,0,0,0,0,0,0,47,47,47,0,0,0,0,0,0,0,0,0,0,0,0,0,0,0,0,0,0,0,0,37,37,37,37,37,37,0,37,0,37,37,0,0,37,0,0,37,37,0,0,0,0,0,0,0,0,0,0,0,0,0,0,0,0,0,49,49,0,0,0,0,0,0,0,0,0,0,0,0,0,0,0,0,0,0,0,0,0,0,49,0,0,0,14,0,14,0,0,0,0,0,0,0,0,0,0,0,0,0,0,0,0,0,0,14
25,25,25,0,25,25,25,19,19,19,0,0,0,0,0,0,0,0,19,19,47,47,47,47,47,47,0,0,0,0,0,0,0,0,0,0,0,0,0,0,0,0,0,47,47,0,0,0,0,0,0,0,0,0,0,0,0,0,0,0,0,0,0,37,0,37,0,0,0,0,0,0,37,37,37,0,0,0,37,37,37,37,37,0,0,0,0,0,0,0,0,0,0,0,0,0,0,0,0,0,0,49,0,0,0,0,0,0,0,0,0,0,0,0,0,0,0,0,0,0,0,0,0,49,49,49,0,0,0,14,14,0,0,0,0,0,0,0,0,0,0,0,0,0,0,0,0,0,0,14
25,0,0,0,0,0,25,25,0,19,19,0,0,0,0,0,0,19,19,47,47,0,0,0,0,0,0,0,0,0,0,0,0,0,0,0,0,0,0,0,0,0,0,47,0,0,0,0,0,0,0,0,0,0,0,0,0,0,0,0,0,0,37,0,37,37,0,0,0,0,0,0,0,0,0,0,0,0,0,0,0,0,37,37,0,0,0,0,0,0,0,0,0,0,0,0,0,0,0,0,0,49,49,49,49,49,49,0,0,0,0,0,0,0,0,0,0,0,49,49,49,49,49,49,0,0,0,0,0,14,14,14,14,14,0,0,0,0,0,0,0,0,0,0,0,0,0,0,0,14
25,0,0,0,0,0,0,25,25,25,19,0,0,0,0,0,19,19,47,47,0,0,0,0,0,0,0,0,0,0,0,0,0,0,0,0,0,0,0,0,0,0,0,47,0,0,0,0,0,0,0,0,0,0,0,0,0,0,0,0,0,0,37,37,37,0,0,0,0,0,0,0,0,0,0,0,0,0,0,0,0,0,37,37,0,0,0,0,0,0,0,0,0,0,0,0,0,0,0,0,0,0,0,0,0,0,49,49,0,0,0,0,0,0,0,49,49,49,49,22,22,22,22,0,0,22,22,0,14,14,14,0,0,14,14,0,0,0,0,0,0,0,0,0,0,0,0,0,0,14
25,0,0,0,0,0,0,0,0,25,19,19,0,0,0,19,19,47,47,0,0,0,0,0,0,0,0,0,0,0,0,0,0,0,0,0,0,0,0,0,0,0,0,47,47,0,0,0,0,0,0,0,0,11,11,11,0,0,0,0,0,0,37,0,0,0,0,0,0,0,0,0,0,0,0,0,0,0,0,0,0,0,37,0,37,0,0,0,0,0,0,0,0,0,0,0,0,0,0,0,0,0,0,0,0,0,0,49,49,49,49,49,49,49,49,49,22,22,22,22,0,0,22,22,22,22,0,22,22,22,22,22,14,0,14,0,0,0,0,0,0,0,0,0,0,0,0,0,0,14
25,0,0,0,0,0,0,0,0,25,25,19,19,19,19,19,47,47,0,0,0,0,0,0,0,0,0,0,0,0,0,0,0,0,0,0,0,0,0,0,0,0,0,47,47,11,11,0,0,0,0,0,11,11,11,0,0,0,37,0,37,37,37,0,0,0,0,0,0,0,0,0,0,0,0,0,0,0,0,0,0,0,37,37,37,37,37,37,37,0,0,0,0,0,0,0,0,0,0,0,0,0,0,0,0,22,0,49,49,0,22,22,22,0,22,22,22,0,0,0,0,0,0,0,0,22,22,22,0,0,0,22,22,14,14,14,14,0,0,0,0,0,0,0,0,0,0,0,0,14
25,0,0,0,0,0,0,0,0,0,25,25,19,19,47,47,47,0,0,0,0,0,0,0,0,0,0,0,0,0,0,0,0,0,0,0,0,0,0,47,47,47,47,47,11,11,11,11,11,11,0,11,11,0,11,11,11,0,37,37,37,0,0,0,0,0,0,0,0,0,0,0,0,0,0,0,0,0,0,0,0,0,0,0,0,37,0,37,0,0,0,0,0,0,0,0,0,0,0,0,0,0,0,0,0,0,22,22,22,22,22,0,22,22,22,0,0,0,0,0,0,0,0,0,0,0,0,0,0,0,0,0,22,0,22,0,14,14,14,0,0,0,0,0,0,0,0,0,0,14
25,0,0,0,0,0,0,0,0,0,0,25,25,47,47,0,0,0,0,0,0,0,0,0,0,0,0,0,0,0,0,0,0,0,0,0,0,0,47,47,11,11,11,11,11,0,0,0,0,11,11,11,0,0,0,0,11,37,37,0,0,0,0,0,0,0,0,0,0,0,0,0,0,0,0,0,0,0,0,0,0,0,0,0,0,37,37,37,37,0,0,0,0,0,0,0,0,0,0,0,0,0,0,0,0,22,22,0,0,0,0,0,0,0,0,0,0,0,0,0,0,0,0,0,0,0,0,0,0,0,0,0,22,22,22,22,0,0,14,0,0,0,0,0,0,0,0,0,14,14
25,0,0,0,0,0,0,0,0,0,0,25,47,47,0,0,0,0,0,0,0,0,0,0,0,0,0,0,0,0,0,0,0,0,0,0,0,47,47,11,11,0,0,0,0,0,0,0,0,0,0,0,0,0,0,0,11,11,37,0,0,0,0,0,0,0,0,0,0,0,0,0,0,0,0,0,0,0,0,0,0,0,0,0,0,0,0,0,37,37,0,0,0,0,0,0,0,0,0,0,0,0,0,0,22,0,22,0,0,0,0,0,0,0,0,0,0,0,0,0,0,0,0,0,0,0,0,0,0,0,0,0,0,0,0,22,22,22,14,14,14,14,14,0,14,14,14,14,14,0
25,0,0,0,0,0,0,0,0,0,0,25,25,47,47,0,0,0,0,0,0,0,0,0,0,0,0,0,0,0,0,0,0,0,0,0,47,47,11,11,0,0,0,0,0,0,0,0,0,0,0,0,0,0,0,0,0,11,37,37,0,0,0,0,0,0,0,0,0,0,0,0,0,0,0,0,0,0,0,0,0,0,0,0,0,0,0,37,37,37,0,0,0,0,0,0,0,0,0,0,0,0,0,0,0,22,22,0,0,0,0,0,0,0,0,0,0,0,0,0,0,0,0,0,0,0,0,0,0,0,0,0,0,0,0,0,22,0,0,14,0,0,14,14,14,0,14,14,0,0
25,0,0,0,0,0,0,0,0,0,0,0,25,25,47,0,0,0,0,0,0,0,0,0,0,0,0,0,0,0,0,0,0,0,0,0,47,11,11,0,0,0,0,0,0,0,0,0,0,0,0,0,0,0,0,0,0,11,11,37,0,0,0,0,0,0,0,0,0,0,0,0,0,0,0,0,0,0,0,0,0,0,0,0,0,0,0,37,0,37,0,0,0,0,0,0,0,0,0,0,0,0,0,0,0,22,0,0,0,0,0,0,0,0,0,0,0,0,0,0,0,0,0,0,0,0,0,0,0,0,0,0,0,0,0,22,22,0,0,0,0,0,0,0,0,0,0,0,0,0
25,0,0,0,0,0,0,0,0,0,0,0,0,25,47,47,0,0,0,0,0,0,0,0,0,0,0,0,0,0,0,0,0,0,0,0,47,11,0,0,0,0,0,0,0,0,0,0,0,0,0,0,0,0,0,0,0,0,11,37,37,0,0,0,0,0,0,0,0,0,0,0,0,0,0,0,0,0,0,0,0,0,0,0,0,0,0,37,37,0,0,0,0,0,0,0,0,0,0,0,0,0,0,0,0,22,22,0,0,0,0,0,0,0,0,0,0,0,0,0,0,0,0,0,0,0,0,0,0,0,0,0,0,0,0,22,0,0,0,0,0,0,0,0,0,0,0,0,0,0
25,0,0,0,0,0,0,0,0,0,0,0,0,25,25,47,0,0,0,0,0,0,0,0,0,0,0,0,0,0,0,0,0,0,0,0,47,11,0,0,0,0,0,0,0,0,0,0,0,0,0,0,0,0,0,0,0,0,11,11,37,0,0,0,0,0,0,0,0,0,0,0,0,0,0,0,0,0,0,0,0,0,0,0,0,0,0,0,37,37,0,0,0,0,0,0,0,0,0,0,0,0,0,0,22,0,22,0,0,0,0,0,0,0,0,0,0,0,0,0,0,0,0,0,0,0,0,0,0,0,0,0,0,0,22,22,22,0,0,0,0,0,0,0,0,0,0,0,0,0
25,0,0,0,0,0,0,0,0,0,0,0,0,0,25,47,0,0,0,0,0,0,0,0,0,0,0,0,0,0,0,0,0,0,0,0,47,11,0,0,0,0,0,0,0,0,0,0,0,0,0,0,0,0,0,0,0,0,0,11,37,0,0,0,0,0,0,0,0,0,0,0,0,0,0,0,0,0,0,0,0,0,0,0,0,0,0,0,37,37,0,0,0,0,0,0,0,0,0,0,0,0,0,0,0,22,22,0,0,0,0,0,0,0,0,0,0,0,0,0,0,0,0,0,0,0,0,0,0,0,0,0,0,0,22,0,0,0,0,0,0,0,0,0,0,0,0,0,0,0
25,0,0,0,0,0,0,0,0,0,0,0,0,0,25,47,0,0,0,0,0,0,0,0,0,0,0,0,0,0,0,0,0,0,0,47,47,11,0,0,0,0,0,0,0,0,0,0,0,0,0,0,0,0,0,0,0,0,0,11,37,0,0,0,0,0,0,0,0,0,0,0,0,0,0,0,0,0,0,0,0,0,0,0,0,0,0,0,37,0,37,0,0,0,0,0,0,0,48,48,48,48,0,0,48,22,22,22,0,0,0,0,0,0,0,0,0,0,0,0,0,0,0,0,0,0,0,0,0,0,0,0,0,0,22,22,22,0,0,0,0,0,0,0,0,0,0,0,0,0
25,0,0,0,0,0,0,0,0,0,0,0,0,0,25,47,47,0,0,0,0,0,0,0,0,0,0,0,0,0,0,0,0,0,47,47,11,11,0,0,0,0,0,0,0,0,0,0,0,0,0,0,0,0,0,0,0,0,0,11,37,0,0,0,0,0,0,0,0,0,0,0,0,0,0,0,0,0,0,0,0,0,0,0,0,0,0,0,37,37,0,0,0,0,0,0,48,48,48,0,0,48,48,48,48,48,48,22,22,0,0,0,0,0,0,0,0,0,0,0,0,0,0,0,0,0,0,0,0,0,0,0,0,0,0,0,22,22,0,0,0,0,0,0,0,0,0,0,0,0
25,0,0,0,0,0,0,0,0,0,0,0,0,0,25,25,47,0,0,0,0,0,0,0,0,0,0,0,0,0,0,0,0,47,47,11,11,0,0,0,0,0,0,0,0,0,0,0,0,0,0,0,0,0,0,0,0,0,0,11,37,0,0,0,0,0,0,0,0,0,0,0,0,0,0,0,0,0,0,0,0,0,0,0,0,0,0,0,0,37,37,0,0,0,0,0,0,0,48,0,0,0,0,0,0,0,48,48,22,22,22,22,0,0,0,0,0,0,0,0,0,0,0,0,0,0,0,0,0,0,0,0,0,0,0,0,0,22,0,0,0,0,0,0,0,0,0,0,0,0
25,0,0,0,0,0,0,0,0,0,0,0,0,0,0,25,47,47,47,0,0,0,0,0,0,0,0,0,0,0,0,0,0,47,11,11,0,0,0,0,0,0,0,0,0,0,0,0,0,0,0,0,0,0,0,0,0,0,0,11,37,0,0,0,0,0,0,0,0,0,0,0,0,0,0,0,0,0,0,0,0,0,0,0,0,0,0,0,37,37,37,0,0,0,0,0,0,48,48,0,0,0,0,0,0,0,0,48,48,48,48,22,22,0,0,0,0,0,0,0,0,0,0,0,0,0,0,0,0,0,0,0,0,0,0,0,22,22,0,0,0,0,0,0,0,0,0,0,0,0
25,0,0,0,0,0,0,0,0,0,0,0,0,0,0,25,47,27,47,47,47,0,0,0,0,0,0,0,0,0,0,0,47,47,11,0,0,0,0,0,0,0,0,0,0,0,0,0,0,0,0,0,0,0,0,0,0,0,0,11,37,0,0,0,0,0,0,0,0,0,0,0,0,0,0,0,0,0,0,0,0,0,0,0,0,0,0,0,37,0,0,0,0,0,0,0,0,48,0,0,0,0,0,0,0,0,0,0,0,0,48,48,22,22,0,0,0,0,0,0,0,0,0,0,0,0,0,0,0,0,0,0,0,0,0,22,22,0,0,0,0,30,30,30,0,0,0,0,0,0
25,0,0,0,0,0,0,0,0,0,0,25,25,25,25,25,27,27,27,0,47,47,47,47,47,0,0,0,0,0,0,47,47,11,11,0,0,0,0,0,0,0,0,0,0,0,0,0,0,0,0,0,0,0,0,0,0,0,0,11,37,0,0,0,0,0,0,0,0,0,0,0,0,0,0,0,0,0,0,0,0,0,0,0,0,0,0,0,37,0,0,0,0,0,0,0,48,48,0,0,0,0,0,0,0,0,0,0,0,0,0,48,48,22,22,0,0,0,0,0,0,0,0,0,0,0,0,0,0,0,0,0,0,22,22,22,30,30,30,0,0,30,0,30,0,0,0,30,30,0
25,0,0,0,0,0,0,0,0,0,25,25,27,27,27,27,27,0,27,27,44,44,44,44,47,47,47,47,47,47,47,47,44,44,11,0,0,0,0,0,0,0,0,0,0,0,0,0,0,0,0,0,0,0,0,0,0,0,0,11,37,0,0,0,0,0,0,0,0,0,0,0,0,0,0,0,0,0,0,0,0,0,0,0,0,0,0,0,37,37,37,0,0,0,0,0,48,0,0,0,0,0,0,0,0,0,0,0,0,0,0,0,48,48,22,22,0,0,0,0,0,0,0,0,0,0,0,0,0,0,0,0,22,22,30,30,30,0,30,30,30,30,0,30,30,30,30,30,0,0
25,0,0,0,0,0,0,0,0,25,25,27,27,0,0,0,0,0,27,44,44,0,0,44,44,44,44,44,44,44,44,44,44,44,11,11,0,0,0,0,0,0,0,0,0,0,0,0,0,0,0,0,0,0,0,0,0,0,0,11,37,37,0,0,0,0,0,0,0,0,0,0,0,0,0,0,0,0,0,0,0,0,0,0,0,0,0,0,0,37,37,0,0,0,0,0,48,48,48,0,0,0,0,0,0,0,0,0,0,0,0,0,0,48,48,22,0,0,0,0,0,0,0,0,0,0,0,0,0,0,0,22,22,30,30,0,0,0,0,0,0,0,0,0,0,0,0,30,30,0
25,25,25,25,25,25,25,25,25,25,27,27,0,0,0,0,0,0,27,44,0,0,0,0,0,0,0,0,0,0,0,0,0,44,44,11,11,11,11,11,0,0,0,0,0,0,0,0,0,0,0,0,0,0,0,0,0,0,0,11,11,37,37,0,0,0,0,0,0,0,0,0,0,0,0,0,0,0,0,0,0,0,0,0,0,0,0,37,37,37,0,0,0,0,0,0,0,0,48,0,0,0,0,0,0,0,0,0,0,0,0,0,0,0,48,22,22,22,22,22,0,0,0,22,22,22,0,0,0,0,22,22,30,30,0,0,0,0,0,0,0,0,0,0,0,0,0,30,0,0
27,27,27,27,27,27,27,27,27,27,27,0,0,0,0,0,0,0,27,44,44,0,0,0,0,0,0,0,0,0,0,0,0,0,44,44,44,44,44,11,0,0,0,0,0,0,0,0,0,0,0,0,0,0,0,0,0,0,0,0,11,11,37,37,37,0,0,0,0,0,0,0,0,0,0,0,0,0,0,0,0,0,0,0,0,0,37,37,0,50,50,0,50,0,0,50,0,0,48,0,0,0,0,0,0,0,0,0,0,0,0,0,0,0,48,48,43,43,43,22,22,22,22,22,43,22,22,22,22,22,22,30,30,0,0,0,0,0,0,0,0,0,0,0,0,0,0,30,0,0
27,0,0,0,0,0,0,0,0,0,0,0,0,0,0,0,0,0,27,27,44,44,0,0,0,0,0,0,0,0,0,0,0,0,0,0,0,0,44,11,11,11,0,0,0,0,0,0,0,0,0,0,0,0,0,0,0,0,0,0,11,11,35,35,37,37,37,37,37,37,37,37,37,0,0,0,0,0,0,0,0,0,0,0,0,37,37,50,50,50,50,50,50,50,50,50,48,48,48,0,0,0,0,0,0,0,0,0,0,0,0,0,0,0,48,43,43,0,43,43,43,43,43,43,43,43,43,43,43,22,30,30,0,0,0,0,0,0,0,0,0,0,0,0,0,0,0,30,30,30
27,0,0,0,0,0,0,0,0,0,0,0,0,0,0,0,0,0,0,27,27,44,0,0,0,0,0,0,0,0,0,0,0,0,0,0,0,0,44,44,44,11,11,0,0,0,0,0,0,0,0,0,0,0,0,0,0,0,0,0,11,35,35,35,35,35,35,35,35,35,35,35,37,37,37,37,37,37,37,37,37,37,0,37,37,37,50,50,0,0,0,0,0,0,0,50,48,0,0,0,0,0,0,0,0,0,0,0,0,0,0,0,0,0,48,48,43,0,0,0,0,0,0,0,0,0,0,0,43,30,30,0,0,0,0,0,0,0,0,0,0,0,0,0,0,0,0,0,0,30
27,0,0,0,0,0,0,0,0,0,0,0,0,0,0,0,0,0,0,27,27,44,0,0,0,0,0,0,0,0,0,0,0,0,0,0,0,0,0,0,44,44,11,0,0,0,0,0,0,0,0,0,0,0,0,0,0,0,0,11,11,35,0,0,0,0,0,0,0,0,0,35,35,35,35,35,35,35,35,35,35,37,37,37,50,50,50,0,0,0,0,0,0,0,0,50,48,0,0,0,0,0,0,0,0,0,0,0,0,0,0,0,0,0,0,48,43,0,0,0,0,0,0,0,0,0,0,0,43,30,0,0,0,0,0,0,0,0,0,0,0,0,0,0,0,0,0,0,0,30
27,0,0,0,0,0,0,0,0,0,0,0,0,0,0,0,0,0,0,27,44,44,0,0,0,0,0,0,0,0,0,0,0,0,0,0,0,0,0,0,0,44,11,0,0,0,0,0,0,0,0,0,0,0,0,0,0,0,0,11,35,35,0,0,0,0,0,0,0,0,0,0,0,0,0,0,0,0,0,35,35,50,50,50,50,0,0,0,0,0,0,0,0,0,0,50,48,0,0,0,0,0,0,0,0,0,0,0,0,0,0,0,0,0,0,48,43,0,0,0,0,0,0,0,0,0,0,0,43,30,0,0,0,0,0,0,0,0,0,0,0,0,0,0,0,0,0,0,0,30
27,0,0,0,0,0,0,0,0,0,0,0,0,0,0,0,0,0,0,27,44,0,0,0,0,0,0,0,0,0,0,0,0,0,0,0,0,0,0,0,0,44,11,11,0,0,0,0,0,0,0,0,0,0,0,0,0,0,0,11,11,35,0,0,0,0,0,0,0,0,0,0,0,0,0,0,0,0,35,35,50,50,0,0,0,0,0,0,0,0,0,0,0,0,0,50,48,0,0,0,0,0,0,0,0,0,0,0,0,0,0,0,0,0,0,48,43,0,0,0,0,0,0,0,0,0,0,43,43,30,0,0,0,0,0,0,0,0,0,0,0,0,0,0,0,0,0,0,0,30
27,0,0,0,0,0,0,0,0,0,0,0,0,0,0,0,0,0,0,27,44,0,0,0,0,0,0,0,0,0,0,0,0,0,0,0,0,0,0,0,0,44,44,11,0,0,0,0,0,0,0,0,0,0,0,0,0,0,0,11,11,35,0,0,0,0,0,0,0,0,0,0,0,0,0,0,0,35,35,50,50,0,0,0,0,0,0,0,0,0,0,0,0,0,50,50,48,0,0,0,0,0,0,0,0,0,0,0,0,0,0,0,0,0,48,48,43,0,0,0,0,0,0,0,0,0,0,43,30,30,0,0,0,0,0,0,0,0,0,0,0,0,0,0,0,0,0,0,0,30
27,0,0,0,0,0,0,0,0,0,0,0,0,0,0,0,0,0,0,27,44,44,0,0,0,0,0,0,0,0,0,0,0,0,0,0,0,0,0,0,0,0,44,11,11,11,11,11,11,0,0,0,0,0,0,0,0,0,11,11,35,35,0,0,0,0,0,0,0,0,0,0,0,0,0,0,35,35,50,50,0,0,0,0,0,0,0,0,0,0,0,0,0,0,50,48,48,0,0,0,0,0,0,0,0,0,0,0,0,0,0,0,0,0,48,43,43,0,0,0,0,0,0,0,0,0,43,43,30,0,0,0,0,0,0,0,0,0,0,0,0,0,0,0,0,0,0,0,0,30
27,0,0,0,0,0,0,0,0,0,0,0,0,0,0,0,0,0,0,27,27,44,0,0,0,0,0,0,0,0,0,0,0,0,0,0,0,0,0,0,0,44,44,24,24,24,24,24,11,11,0,11,11,11,0,0,11,11,11,35,35,0,0,0,0,0,0,0,0,0,0,0,0,0,0,0,35,50,50,0,0,0,0,0,0,0,0,0,0,0,0,0,0,0,50,48,0,0,0,0,0,0,0,0,0,0,0,0,0,0,0,0,0,0,48,43,0,0,0,0,0,0,0,0,0,0,43,30,30,0,0,0,0,0,0,0,0,0,0,0,0,0,0,0,0,0,0,0,0,30
27,0,0,0,0,0,0,0,0,0,0,0,0,0,0,0,0,0,0,0,27,44,44,0,0,0,0,0,0,0,0,0,0,0,0,0,0,0,0,0,0,44,24,24,0,0,0,24,24,11,11,11,24,11,11,11,11,32,32,35,0,0,0,0,0,0,0,0,0,0,0,0,0,0,0,35,35,50,0,0,0,0,0,0,0,0,0,0,0,0,0,0,0,0,50,48,0,0,0,0,0,0,0,0,0,0,0,0,0,0,0,0,0,0,48,43,43,0,0,0,0,0,0,0,0,0,43,43,30,0,0,0,0,0,0,0,0,0,0,0,0,0,0,0,0,0,0,0,0,30
27,0,0,0,0,0,0,0,0,0,0,0,0,0,0,0,0,0,0,0,27,27,44,0,0,0,0,0,0,0,0,0,0,0,0,0,0,0,0,0,44,44,24,0,0,0,0,0,24,24,24,24,24,24,32,32,32,32,32,35,35,0,0,0,0,0,0,0,0,0,0,0,0,0,35,35,50,50,0,0,0,0,0,0,0,0,0,0,0,0,0,0,0,0,50,48,0,0,0,0,0,0,0,0,0,0,0,0,0,0,0,0,0,0,48,48,43,43,0,0,0,0,0,43,43,43,43,28,30,30,0,0,0,0,0,0,0,0,0,0,0,0,0,0,0,0,0,0,0,30
27,0,0,0,27,27,27,0,0,0,0,0,0,0,0,0,0,0,0,0,27,27,44,0,0,0,0,0,0,0,0,0,0,0,0,0,0,0,0,0,44,24,24,0,0,0,0,0,0,0,0,0,0,24,32,0,0,0,32,32,35,35,35,0,0,0,0,0,0,0,0,0,0,0,35,50,50,0,0,0,0,0,0,0,0,0,0,0,0,0,0,0,0,0,50,48,0,0,0,0,0,0,0,0,0,0,0,0,0,0,0,0,0,0,0,48,48,43,0,0,0,0,43,43,28,28,28,28,28,30,30,0,0,0,0,0,0,0,0,0,0,0,0,0,0,0,0,0,0,30
27,27,27,27,27,8,27,27,0,0,0,0,0,0,0,0,0,0,0,0,27,44,44,0,0,0,0,0,0,0,0,0,0,0,0,0,0,0,0,44,44,24,0,0,0,0,0,0,0,0,0,0,24,24,32,0,0,0,0,32,32,32,35,35,0,0,0,0,0,0,0,0,0,35,35,50,0,0,0,0,0,0,0,0,0,0,0,0,0,0,0,0,0,0,50,48,48,0,0,0,0,0,0,0,0,0,0,0,0,0,0,0,0,0,0,0,48,43,43,43,43,43,43,28,28,0,0,0,28,28,30,30,30,0,0,0,0,0,0,0,0,0,0,0,0,0,0,0,0,30
8,8,8,8,8,8,8,27,27,0,0,0,0,0,0,0,0,0,0,27,27,44,0,0,0,0,0,0,0,0,0,0,0,0,0,0,0,0,44,44,24,24,0,0,0,0,0,0,0,0,0,0,24,32,32,0,0,0,0,0,0,32,32,35,35,0,0,0,0,0,0,0,0,35,50,50,0,0,0,0,0,0,0,0,0,0,0,0,0,0,0,0,0,0,50,0,48,0,0,0,0,0,0,0,0,0,0,0,0,0,0,0,0,0,0,0,48,48,43,43,20,20,20,20,28,28,28,0,0,28,28,28,30,30,30,0,0,0,0,0,0,0,0,0,0,0,0,0,0,30
8,0,0,0,0,0,8,8,27,27,0,0,0,0,0,0,0,0,27,27,44,44,0,0,0,44,44,44,44,0,0,0,0,0,0,0,0,0,44,24,24,0,0,0,0,0,0,0,0,0,0,0,24,32,0,0,0,0,0,0,0,0,32,32,35,0,0,0,0,0,0,0,0,35,50,0,0,0,0,0,0,0,0,0,0,0,0,0,0,0,0,0,0,0,50,50,48,48,0,0,0,0,0,0,0,0,0,0,0,0,0,0,0,0,0,48,48,20,20,20,20,0,0,20,20,20,28,28,0,0,0,28,28,28,30,30,0,0,0,0,0,0,0,0,0,0,0,0,0,30
8,0,0,0,0,0,0,8,8,27,27,0,0,0,0,0,0,0,27,44,44,0,0,44,44,44,45,45,44,44,44,44,44,44,44,0,0,0,44,24,0,0,0,0,0,0,0,0,0,0,0,0,24,32,0,0,0,0,0,0,0,0,0,32,35,35,0,0,0,0,0,0,0,35,50,0,0,0,0,0,0,0,0,0,0,0,0,0,0,0,0,0,0,0,0,50,0,48,48,0,0,0,0,0,0,0,0,0,0,0,0,0,0,0,48,48,20,20,0,0,0,0,0,0,0,20,20,28,28,0,0,0,0,28,28,30,30,0,0,0,0,0,0,0,0,0,0,0,0,30
8,0,0,0,0,0,0,0,8,8,27,27,0,0,0,0,0,0,27,44,44,44,44,44,45,45,45,45,45,45,45,45,45,45,44,44,44,44,44,24,24,0,0,0,0,0,0,0,0,0,0,24,24,32,0,0,0,0,0,0,0,0,0,32,32,35,35,0,0,0,0,0,35,35,50,0,0,0,0,0,0,0,0,0,0,0,0,0,0,0,0,0,0,0,0,50,48,0,48,0,0,0,0,0,0,0,0,0,0,0,0,0,0,48,48,20,20,0,0,0,0,0,0,0,0,0,20,20,28,28,0,0,0,0,28,28,30,30,0,0,0,0,0,0,0,0,0,0,0,30
8,0,0,0,0,0,0,0,0,8,8,27,27,0,0,0,0,0,27,44,44,45,45,45,45,0,0,0,0,0,0,0,0,45,45,45,45,45,45,45,24,0,0,0,0,0,0,0,0,0,0,24,32,32,0,0,0,0,0,0,0,0,0,0,32,32,35,35,0,0,0,35,35,50,50,0,0,0,0,0,0,0,0,0,0,0,0,0,0,0,0,0,0,0,0,50,0,0,48,48,0,0,0,0,0,0,0,0,0,0,0,0,0,48,20,20,0,0,0,0,0,0,0,0,0,0,0,20,20,28,28,0,0,0,0,28,28,30,30,0,0,0,0,0,0,0,0,0,0,30
8,0,0,0,0,0,0,0,0,0,8,8,27,27,0,0,0,0,27,45,45,45,0,0,0,0,0,0,0,0,0,0,0,0,0,0,0,0,0,45,24,0,0,0,0,0,0,0,0,0,0,24,32,0,0,0,0,0,0,0,0,0,0,0,0,32,32,35,35,35,35,35,50,50,0,0,0,0,0,0,0,0,0,0,0,0,0,0,0,0,0,0,0,0,0,50,50,0,0,48,0,0,0,0,0,0,0,0,0,0,0,0,48,48,20,0,0,0,0,0,0,0,0,0,0,0,0,0,20,20,28,0,0,0,0,0,28,28,30,30,30,0,0,0,0,0,0,0,30,30
8,0,0,0,0,0,0,0,0,0,0,8,8,27,0,0,0,0,27,45,0,0,0,0,0,0,0,0,0,0,0,0,0,0,0,0,0,0,0,45,24,0,0,0,0,0,0,0,0,0,0,24,32,0,0,0,0,0,0,0,0,0,0,0,0,0,32,32,35,35,50,50,50,0,0,0,0,0,0,0,0,0,0,0,0,0,0,0,0,0,0,0,0,0,0,50,0,0,48,48,48,48,48,0,0,0,0,0,0,0,0,0,48,20,20,0,0,0,0,0,0,0,0,0,0,0,0,0,0,20,28,0,0,0,0,0,0,28,28,28,30,30,0,0,0,0,0,0,30,0
8,8,8,8,8,8,8,8,8,8,8,8,8,27,27,27,27,27,27,45,45,45,45,45,45,45,45,45,45,45,45,45,45,45,45,45,45,45,45,45,24,24,24,24,24,24,24,24,24,24,24,24,32,32,32,32,32,32,32,32,32,32,32,32,32,32,32,32,32,50,50,50,50,50,50,50,50,50,50,50,50,50,50,50,50,50,50,50,50,50,50,50,50,50,50,50,0,0,0,0,0,0,48,48,48,48,48,48,48,48,48,48,48,20,20,20,20,20,20,20,20,20,20,20,20,20,20,20,20,20,28,28,28,28,28,28,28,28,28,28,28,30,30,30,30,30,30,30,30,0
