5,5,5,5,5,5,5,5,0,0,0,0,0,0,0,0,0,0,0,0,0,0,0,0,0,0,0,0,0,0,0,0,0,0,0,0,0,0,0,0,0,0,0,0,0,0,0,0,0,0,0,0,0,0,0,0,0,0,0,0,0,0,0,0,0,0,0,0,0,0,0,0,11,11,11,11,11,11,11,20,20,20,20,20,20,20,20,20,20,20,20,20,20,20,20,20,20,20,28,28,28,28,28,28,28,28,28,28,28,28,28,28,28,28,28,28,28,28,28,28,28,28,28,28,28,28,28,28,28,28,28,28,28,28,28,28,28,28,28,28,28,28,33,33,33,33,33,33,33,33
5,5,5,5,5,5,5,5,0,0,0,0,0,0,0,0,0,0,0,0,0,0,0,0,0,0,0,0,0,0,0,0,0,0,0,0,0,0,0,0,0,0,0,0,0,0,0,0,0,0,0,0,0,0,0,0,0,0,0,0,0,0,0,0,0,0,0,0,0,0,0,0,11,11,11,11,11,11,11,20,20,20,20,20,20,20,20,20,20,20,20,20,20,20,20,20,20,20,28,28,28,28,28,28,28,28,28,28,28,28,28,28,28,28,28,28,28,28,28,28,28,28,28,28,28,28,28,28,28,28,28,28,28,28,28,28,28,28,28,28,28,28,33,33,33,33,33,33,33,33
5,5,5,5,5,5,5,5,5,0,0,0,0,0,0,0,0,0,0,0,0,0,0,0,0,0,0,0,0,0,0,0,0,0,0,0,0,0,0,0,0,0,0,0,0,0,0,0,0,0,0,0,0,0,0,0,0,0,0,0,0,0,0,0,0,0,0,0,0,0,0,11,11,11,11,11,11,11,11,20,20,20,20,20,20,20,20,20,20,20,20,20,20,20,20,20,20,20,20,28,28,28,28,28,28,28,28,28,28,28,28,28,28,28,28,28,28,28,28,28,28,28,28,28,28,28,28,28,28,28,28,28,28,28,28,28,28,28,28,28,28,33,33,33,33,33,33,33,33,33
5,5,5,5,5,5,5,5,5,0,0,0,0,0,0,0,0,0,0,0,0,0,0,0,0,0,0,0,0,0,0,0,0,0,0,0,0,0,0,0,0,0,0,0,0,0,0,0,0,0,0,0,0,0,0,0,0,0,0,0,0,0,0,0,0,0,0,0,0,0,11,11,11,11,11,11,11,11,11,20,20,20,20,20,20,20,20,20,20,20,20,20,20,20,20,20,20,20,20,20,28,28,28,28,28,28,28,28,28,28,28,28,28,28,28,28,28,28,28,28,28,28,28,28,28,28,28,28,28,28,28,28,28,28,28,28,28,28,28,28,28,33,33,33,33,33,33,33,33,33
5,5,5,5,5,5,5,5,5,5,0,0,0,0,0,0,0,0,0,0,0,0,0,0,0,0,0,0,0,0,0,0,0,0,0,0,0,0,0,0,0,0,0,0,0,0,0,0,0,0,0,0,0,0,0,0,0,0,0,0,0,0,0,0,0,0,0,0,0,11,11,11,11,11,11,11,11,11,11,20,20,20,20,20,20,20,20,20,20,20,20,20,20,20,20,20,20,20,20,20,28,28,28,28,28,28,28,28,28,28,28,28,28,28,28,28,28,28,28,28,28,28,28,28,28,28,28,28,28,28,28,28,28,28,28,28,28,28,28,33,33,33,33,33,33,33,33,33,33,33
5,5,5,5,5,5,5,5,5,5,5,0,0,0,0,0,0,0,0,0,0,0,0,0,0,0,0,0,0,0,0,0,0,0,0,0,0,0,0,0,0,0,0,0,0,0,0,0,0,0,0,0,0,0,0,0,0,0,0,0,0,0,0,0,0,0,0,11,11,11,11,11,11,11,11,11,11,11,11,20,20,20,20,20,20,20,20,20,20,20,20,20,20,20,20,20,20,20,20,20,28,28,28,28,28,28,28,28,28,28,28,28,28,28,28,28,28,28,28,28,28,28,28,28,28,28,28,28,28,28,28,28,28,28,28,28,28,33,33,33,33,33,33,33,33,33,33,33,33,33
5,5,5,5,5,5,5,5,5,5,5,5,0,0,0,0,0,0,0,0,0,0,0,0,0,0,0,0,0,0,0,0,0,0,0,0,0,0,0,0,0,0,0,0,0,0,0,0,0,0,0,0,0,0,0,0,0,0,0,0,0,0,0,0,0,0,0,11,11,11,11,11,11,11,11,11,11,11,11,20,20,20,20,20,20,20,20,20,20,20,20,20,20,20,20,20,20,20,20,20,28,28,28,28,28,28,28,28,28,28,28,28,28,28,28,28,28,28,28,28,28,28,28,28,28,28,28,28,28,28,28,28,28,28,28,28,33,33,33,33,33,33,33,33,33,33,33,33,33,33
5,5,5,5,5,5,5,5,5,5,5,5,5,0,0,0,0,0,0,0,0,0,0,0,0,0,0,0,0,0,0,0,0,0,0,0,0,0,0,0,0,0,0,0,0,0,0,0,0,0,0,0,0,0,0,0,0,0,0,0,0,0,0,0,0,0,11,11,11,11,11,11,11,11,11,11,11,11,11,20,20,20,20,20,20,20,20,20,20,20,20,20,20,20,20,20,20,20,20,20,20,28,28,28,28,28,28,28,28,28,28,28,28,28,28,28,28,28,28,28,28,28,28,28,28,28,28,28,28,28,28,28,28,28,28,33,33,33,33,33,33,33,33,33,33,33,33,33,33,33
5,5,5,5,5,5,5,5,5,5,5,5,5,0,0,0,0,0,0,0,0,0,0,0,0,0,0,0,0,0,0,0,0,0,0,0,0,0,0,0,0,0,0,0,0,0,0,0,0,0,0,0,0,0,0,0,0,0,0,0,0,0,0,0,0,11,11,11,11,11,11,11,11,11,11,11,11,11,11,20,20,20,20,20,20,20,20,20,20,20,20,20,20,20,20,20,20,20,20,20,20,20,28,28,28,28,28,28,28,28,28,28,28,28,28,28,28,28,28,28,28,28,28,28,28,28,28,28,28,28,28,28,28,28,33,33,33,33,33,33,33,33,33,33,33,33,33,33,33,33
5,5,5,5,5,5,5,5,5,5,5,5,5,0,0,0,0,0,0,0,0,0,0,0,0,0,0,0,0,0,0,0,0,0,0,0,0,0,0,0,0,0,0,0,0,0,0,0,0,0,0,0,0,0,0,0,0,0,0,0,0,0,0,0,0,11,11,11,11,11,11,11,11,11,11,11,11,11,11,11,20,20,20,20,20,20,20,20,20,20,20,20,20,20,20,20,20,20,20,20,20,20,20,28,28,28,28,28,28,28,28,28,28,28,28,28,28,28,28,28,28,28,28,28,28,28,28,28,28,28,28,28,28,33,33,33,33,33,33,33,33,33,33,33,33,33,33,33,33,33
5,5,5,5,5,5,5,5,5,5,5,5,5,0,0,0,0,0,0,0,0,0,0,0,0,0,0,0,0,0,0,0,0,0,0,0,0,0,0,0,0,0,0,0,0,0,0,0,0,0,0,0,0,0,0,0,0,0,0,0,0,0,0,0,11,11,11,11,11,11,11,11,11,11,11,11,11,11,11,11,20,20,20,20,20,20,20,20,20,20,20,20,20,20,20,20,20,20,20,20,20,20,20,28,28,28,28,28,28,28,28,28,28,28,28,28,28,28,28,28,28,28,28,28,28,28,28,28,28,28,28,33,33,33,33,33,33,33,33,33,33,33,33,33,33,33,33,33,33,33
5,5,5,5,5,5,5,5,5,5,5,5,5,5,0,0,0,0,0,0,0,0,0,0,0,0,0,0,0,0,0,0,0,0,0,0,0,0,0,0,0,0,0,0,0,0,0,0,0,0,0,0,0,0,0,0,0,0,0,0,0,0,0,11,11,11,11,11,11,11,11,11,11,11,11,11,11,11,11,11,11,20,20,20,20,20,20,20,20,20,20,20,20,20,20,20,20,20,20,20,20,20,20,28,28,28,28,28,28,28,28,28,28,28,28,28,28,28,28,28,28,28,28,28,28,28,28,28,28,28,28,33,33,33,33,33,33,33,33,33,33,33,33,33,33,33,33,33,33,33
5,5,5,5,5,5,5,5,5,5,5,5,5,5,5,0,0,0,0,0,0,0,0,0,0,0,0,0,0,0,0,0,0,0,0,0,0,0,0,0,0,0,0,0,0,0,0,0,0,0,0,0,0,0,0,0,0,0,0,0,0,11,11,11,11,11,11,11,11,11,11,11,11,11,11,11,11,11,11,11,11,20,20,20,20,20,20,20,20,20,20,20,20,20,20,20,20,20,20,20,20,20,20,28,28,28,28,28,28,28,28,28,28,28,28,28,28,28,28,28,28,28,28,28,28,28,28,28,28,33,33,33,33,33,33,33,33,33,33,33,33,33,33,33,33,33,33,33,33,33
5,5,5,5,5,5,5,5,5,5,5,5,5,5,5,5,0,0,0,0,0,0,0,0,0,0,0,0,0,0,0,0,0,0,0,0,0,0,0,0,0,0,0,0,0,0,0,0,0,0,0,0,0,0,0,0,0,0,0,0,11,11,11,11,11,11,11,11,11,11,11,11,11,11,11,11,11,11,11,11,11,20,20,20,20,20,20,20,20,20,20,20,20,20,20,20,20,20,20,20,20,20,20,28,28,28,28,28,28,28,28,28,28,28,28,28,28,28,28,28,28,28,28,28,28,28,28,28,33,33,33,33,33,33,33,33,33,33,33,33,33,33,33,33,33,33,33,33,33,33
5,5,5,5,5,5,5,5,5,5,5,5,5,5,5,5,0,0,0,0,0,0,0,0,0,0,0,0,0,0,0,0,0,0,0,0,0,0,0,0,0,0,0,0,0,0,0,0,0,0,0,0,0,0,0,0,0,0,0,11,11,11,11,11,11,11,11,11,11,11,11,11,11,11,11,11,11,11,11,11,11,20,20,20,20,20,20,20,20,20,20,20,20,20,20,20,20,20,20,20,20,20,20,20,28,28,28,28,28,28,28,28,28,28,28,28,28,28,28,28,28,28,28,28,28,28,33,33,33,33,33,33,33,33,33,33,33,33,33,33,33,33,33,33,33,33,33,33,33,33
5,5,5,5,5,5,5,5,5,5,5,5,5,5,5,5,0,0,0,0,0,0,0,0,0,0,0,0,0,0,0,0,0,0,0,0,0,0,0,0,0,0,0,0,0,0,0,0,0,0,0,0,0,0,0,0,0,0,11,11,11,11,11,11,11,11,11,11,11,11,11,11,11,11,11,11,11,11,11,11,20,20,20,20,20,20,20,20,20,20,20,20,20,20,20,20,20,20,20,20,20,20,20,20,20,28,28,28,28,28,28,28,28,28,28,28,28,28,28,28,28,28,28,28,28,33,33,33,33,33,33,33,33,33,33,33,33,33,33,33,33,33,33,33,33,33,33,33,33,33
5,5,5,5,5,5,5,5,5,5,5,5,5,5,5,5,0,0,0,0,0,0,0,0,0,0,0,0,0,0,0,0,0,0,0,0,0,0,0,0,0,0,0,0,0,0,0,0,0,0,0,0,0,0,0,0,0,11,11,11,11,11,11,11,11,11,11,11,11,11,11,11,11,11,11,11,11,11,11,11,20,20,20,20,20,20,20,20,20,20,20,20,20,20,20,20,20,20,20,20,20,20,20,20,20,20,28,28,28,28,28,28,28,28,28,28,28,28,28,28,28,28,28,33,33,33,33,33,33,33,33,33,33,33,33,33,33,33,33,33,33,33,33,33,33,33,33,33,33,33
5,5,5,5,5,5,5,5,5,5,5,5,5,5,5,26,26,26,0,0,0,0,0,0,0,0,0,0,0,0,0,0,0,0,0,0,0,0,0,0,0,0,0,0,0,0,0,0,0,0,0,0,0,0,0,0,11,11,11,11,11,11,11,11,11,11,11,11,11,11,11,11,11,11,11,11,11,11,11,11,20,20,20,20,20,20,20,20,20,20,20,20,20,20,20,20,20,20,20,20,20,20,20,20,20,20,20,28,28,28,28,28,28,28,28,28,28,28,28,28,28,28,28,33,33,33,33,33,33,33,33,33,33,33,33,33,33,33,33,33,33,33,33,33,33,33,33,33,33,33
5,5,5,5,5,5,5,5,5,5,5,26,26,26,26,26,26,26,26,26,26,0,0,30,30,0,0,0,0,0,0,0,0,0,0,0,0,0,0,0,0,0,0,0,0,0,0,0,0,0,0,0,49,49,49,11,11,11,11,11,11,11,11,11,11,11,11,11,11,11,11,11,11,11,11,11,11,11,11,11,20,20,20,20,20,20,20,20,20,20,20,20,20,20,20,20,20,20,20,20,20,20,20,20,20,20,20,20,28,28,28,28,28,28,28,28,28,28,28,28,28,28,33,33,33,33,33,33,33,33,33,33,33,33,33,33,33,33,33,33,33,33,33,33,33,33,33,33,33,33
5,5,5,5,5,5,5,5,5,5,26,26,26,26,26,26,26,26,26,26,26,30,30,30,30,30,0,0,0,0,0,0,0,0,0,0,0,0,0,0,0,0,0,0,0,0,0,0,0,0,49,49,49,49,49,11,11,11,11,11,11,11,11,11,11,11,11,11,11,11,11,11,11,11,11,11,11,11,11,11,20,20,20,20,20,20,20,20,20,20,20,20,20,20,20,20,20,20,20,20,20,20,20,20,20,20,20,20,20,28,28,28,28,28,28,28,28,28,28,28,28,28,33,33,33,33,33,33,33,33,33,33,33,33,33,33,33,33,33,33,33,33,33,33,33,33,33,33,33,33
5,5,5,5,5,5,5,5,5,26,26,26,26,26,26,26,26,26,26,26,30,30,30,30,30,0,0,0,0,0,0,0,0,0,0,0,0,0,0,0,0,0,0,0,0,0,0,0,0,0,49,49,49,49,49,49,11,11,11,11,11,11,11,11,11,11,11,11,11,11,11,11,11,11,11,11,11,11,11,20,20,20,20,20,20,20,20,20,20,20,20,20,20,20,20,20,20,20,20,20,20,20,20,20,20,20,20,20,20,20,28,28,28,28,28,28,28,28,28,28,28,33,33,33,33,33,33,33,33,33,33,33,33,33,33,33,33,33,33,33,33,33,33,33,33,33,33,33,33,33
5,5,5,5,5,5,5,5,5,26,26,26,26,26,26,26,26,26,26,30,30,30,30,30,0,0,0,0,0,0,0,0,0,0,0,0,0,0,0,0,0,0,0,0,0,0,0,0,0,0,49,49,49,49,49,49,49,49,49,49,11,11,11,11,11,11,11,11,11,11,11,11,11,11,11,11,11,11,20,20,20,20,20,20,20,20,20,20,20,20,20,20,20,20,20,20,20,20,20,20,20,20,20,20,20,20,20,20,20,20,20,28,28,28,28,28,28,28,28,28,33,33,33,33,33,33,33,33,33,33,33,33,33,33,33,33,33,33,33,33,33,33,33,33,33,33,33,33,33,33
5,5,5,5,5,5,5,5,26,26,26,26,26,26,26,26,26,26,30,30,30,30,30,30,0,0,0,0,0,0,0,0,0,0,0,0,0,0,0,0,0,0,0,0,0,0,0,0,0,0,49,49,49,49,49,49,49,49,49,49,11,11,11,11,11,11,11,11,11,11,11,11,11,11,11,11,11,11,20,20,20,20,20,20,20,20,20,20,20,20,20,20,20,20,20,20,20,20,20,20,20,20,20,20,20,20,20,20,20,20,20,28,28,28,28,28,28,28,28,33,33,33,33,33,33,33,33,33,33,33,33,33,33,33,33,33,33,33,33,33,33,33,33,33,33,33,33,33,33,33
5,5,5,5,5,5,5,5,26,26,26,26,26,26,26,26,26,26,30,30,30,30,30,30,0,0,0,0,0,0,0,0,0,0,0,0,0,0,0,0,0,0,0,0,0,0,0,0,0,49,49,49,49,49,49,49,49,49,49,49,49,11,11,11,11,11,11,11,11,11,11,11,11,11,11,11,11,11,20,20,20,20,20,20,20,20,20,20,20,20,20,20,20,20,20,20,20,20,20,20,20,20,20,20,20,20,20,20,20,20,20,20,28,28,28,28,28,28,33,33,33,33,33,33,33,33,33,33,33,33,33,33,33,33,33,33,33,33,33,33,33,33,33,33,33,33,33,33,33,33
5,5,5,5,5,5,5,26,26,26,26,26,26,26,26,26,26,30,30,30,30,30,30,30,0,0,0,0,0,0,0,0,0,0,0,0,0,0,0,0,0,0,0,0,0,0,0,0,0,0,49,49,49,49,49,49,49,49,49,49,49,49,49,11,11,11,11,11,11,11,11,11,11,11,11,11,11,11,11,20,20,20,20,20,20,20,20,20,20,20,20,20,20,20,20,20,20,20,20,20,20,20,20,20,20,20,20,20,20,20,20,20,20,28,28,28,28,33,33,33,33,33,33,33,33,33,33,33,33,33,33,33,33,33,33,33,33,33,33,33,33,33,33,33,33,33,33,33,33,33
5,5,5,5,5,26,26,26,26,26,26,26,26,26,26,26,30,30,30,30,30,30,30,30,30,0,0,0,0,0,0,0,0,0,0,0,0,0,0,0,0,0,0,0,0,0,0,0,0,0,49,49,49,49,49,49,49,49,49,49,49,49,49,49,11,11,11,11,11,11,11,11,11,11,11,11,11,11,11,20,20,20,20,20,20,20,20,20,20,20,20,20,20,20,20,20,20,20,20,20,20,20,20,20,20,20,20,20,20,20,20,20,20,20,33,33,33,33,33,33,33,33,33,33,33,33,33,33,33,33,33,33,33,33,33,33,33,33,33,33,33,33,33,33,33,33,33,33,33,33
5,5,5,5,26,26,26,26,26,26,26,26,26,26,26,30,30,30,30,30,30,30,30,30,30,0,0,0,0,0,0,0,0,0,0,0,0,0,0,0,0,0,0,0,0,0,0,0,0,0,49,49,49,49,49,49,49,49,49,49,49,49,49,49,49,49,11,11,11,11,11,11,11,11,11,11,11,11,11,11,20,20,20,20,20,20,20,20,20,20,20,20,20,20,20,20,20,20,20,20,20,20,20,20,20,20,20,20,20,20,20,20,20,20,33,33,33,33,33,33,33,33,33,33,33,33,33,33,33,33,33,33,33,33,33,33,33,33,33,33,33,33,33,33,33,33,33,33,33,33
5,5,5,26,26,26,26,26,26,26,26,26,26,26,30,30,30,30,30,30,30,30,30,30,30,0,0,0,0,0,0,0,0,0,0,0,0,0,0,0,0,0,0,0,0,0,0,0,0,49,49,49,49,49,49,49,49,49,49,49,49,49,49,49,49,49,49,49,49,11,11,11,11,11,11,11,11,11,11,11,20,20,20,20,20,20,20,20,20,20,20,20,20,20,20,20,20,20,20,20,20,20,20,20,20,20,20,20,20,20,20,20,20,20,33,33,33,33,33,33,33,33,33,33,33,33,33,33,33,33,33,33,33,33,33,33,33,33,33,33,33,33,33,33,33,33,33,33,33,33
26,26,26,26,26,26,26,26,26,26,26,26,26,26,30,30,30,30,30,30,30,30,30,30,30,0,0,0,0,0,0,0,0,0,0,0,0,0,0,0,0,0,0,0,0,0,0,0,0,49,49,49,49,49,49,49,49,49,49,49,49,49,49,49,49,49,49,49,49,49,11,11,11,11,11,11,11,11,11,11,20,20,20,20,20,20,20,20,20,20,20,20,20,20,20,20,20,20,20,20,20,20,20,20,20,20,20,20,20,20,20,20,20,20,33,33,33,33,33,33,33,33,33,33,33,33,33,33,33,33,33,33,33,33,33,33,33,33,33,33,33,33,33,33,33,33,33,33,33,33
26,26,26,26,26,26,26,26,26,26,26,26,26,30,30,30,30,30,30,30,30,30,30,30,0,0,0,0,0,0,0,0,0,0,0,0,0,0,0,0,0,0,0,0,0,0,0,0,0,49,49,49,49,49,49,49,49,49,49,49,49,49,49,49,49,49,49,49,49,49,49,11,11,11,11,11,11,11,11,11,11,20,20,20,20,20,20,20,20,20,20,20,20,20,20,20,20,20,20,20,20,20,20,20,20,20,20,20,20,20,20,20,20,20,33,33,33,33,33,33,33,33,33,33,33,33,33,33,33,33,33,33,33,33,33,33,33,33,33,33,33,33,33,33,33,33,33,33,33,33
26,26,26,26,26,26,26,26,26,26,26,26,30,30,30,30,30,30,30,30,30,30,30,30,30,0,0,0,0,0,0,0,0,0,0,0,0,0,0,0,0,0,0,0,0,0,0,0,0,49,49,49,49,49,49,49,49,49,49,49,49,49,49,49,49,49,49,49,49,49,49,49,49,11,11,11,11,11,11,11,11,20,20,20,20,20,20,20,20,20,20,20,20,20,20,20,20,20,20,20,20,20,20,20,20,20,20,20,20,20,20,20,20,33,33,33,33,33,33,33,33,33,33,33,33,33,33,33,33,33,33,33,33,33,33,33,33,33,33,33,33,33,33,33,33,33,33,33,33,33
26,26,26,26,26,26,26,26,26,26,26,30,30,30,30,30,30,30,30,30,30,30,30,30,0,0,0,0,0,0,0,0,0,0,0,0,0,0,0,0,0,0,0,0,0,0,0,0,0,49,49,49,49,49,49,49,49,49,49,49,49,49,49,49,49,49,49,49,49,49,49,49,49,49,11,11,11,11,11,11,11,20,20,20,20,20,20,20,20,20,20,20,20,20,20,20,20,20,20,20,20,20,20,20,20,20,20,20,20,20,20,20,20,33,33,33,33,33,33,33,33,33,33,33,33,33,33,33,33,33,33,33,33,33,33,33,33,33,33,33,33,33,33,33,33,33,33,33,33,33
26,26,26,26,26,26,26,26,26,26,30,30,30,30,30,30,30,30,30,30,30,30,30,30,0,0,0,0,0,0,0,0,0,0,0,0,0,0,0,0,0,0,0,0,0,0,0,0,0,49,49,49,49,49,49,49,49,49,49,49,49,49,49,49,49,49,49,49,49,49,49,49,49,49,49,11,11,11,11,11,11,20,20,20,20,20,20,20,20,20,20,20,20,20,20,20,20,20,20,20,20,20,20,20,20,20,20,20,20,20,20,20,32,33,33,33,33,33,33,33,33,33,33,33,33,33,33,33,33,33,33,33,33,33,33,33,33,33,33,33,33,33,33,33,33,33,33,33,33,33
26,26,26,26,26,26,26,26,26,26,30,30,30,30,30,30,30,30,30,30,30,30,30,30,0,0,0,0,0,0,0,0,0,0,0,0,0,0,0,0,0,0,0,0,0,0,0,0,35,49,49,49,49,49,49,49,49,49,49,49,49,49,49,49,49,49,49,49,49,49,49,49,49,49,49,49,11,11,11,11,11,11,20,20,20,20,20,20,20,20,20,20,20,20,20,20,20,20,20,20,20,20,20,20,20,20,20,20,20,20,32,32,32,33,33,33,33,33,33,33,33,33,33,33,33,33,33,33,33,33,33,33,33,33,33,33,33,33,33,33,33,33,33,33,33,33,33,33,33,33
26,26,26,26,26,26,26,26,26,26,30,30,30,30,30,30,30,30,30,30,30,30,30,30,0,0,0,0,0,0,0,0,0,0,0,0,0,0,0,0,0,0,0,0,0,0,0,0,35,35,49,49,49,49,49,49,49,49,49,49,49,49,49,49,49,49,49,49,49,49,49,49,49,49,49,49,49,11,11,11,11,32,32,32,20,20,20,20,20,20,20,20,20,20,20,20,20,20,20,20,20,20,20,20,20,32,32,32,32,32,32,32,32,32,33,33,33,33,33,33,33,33,33,33,33,33,33,33,33,33,33,33,33,33,33,33,33,33,33,33,33,33,33,33,33,33,33,33,33,33
26,26,26,26,26,26,26,26,26,26,30,30,30,30,30,30,30,30,30,30,30,30,30,30,0,0,0,0,0,0,0,0,0,0,0,0,0,0,0,0,0,0,0,0,0,0,0,0,35,35,35,49,49,49,49,49,49,49,49,49,49,49,49,49,49,49,49,49,49,49,49,49,49,49,49,49,49,49,11,11,32,32,32,32,32,32,32,32,20,20,20,20,20,20,20,32,32,32,32,20,20,20,20,20,32,32,32,32,32,32,32,32,32,32,33,33,33,33,33,33,33,33,33,33,33,33,33,33,33,33,33,33,33,33,33,33,33,33,33,33,33,33,33,33,33,33,33,33,33,33
26,26,26,26,26,26,26,26,26,30,30,30,30,30,30,30,30,30,30,30,30,30,30,30,0,0,0,0,0,0,0,0,0,0,0,0,0,0,0,0,0,0,0,0,0,0,0,35,35,35,35,35,49,49,49,49,49,49,49,49,49,49,49,49,49,49,49,49,49,49,49,49,49,49,49,49,49,49,32,32,32,32,32,32,32,32,32,32,32,32,32,32,32,32,32,32,32,32,32,32,20,20,32,32,32,32,32,32,32,32,32,32,32,32,33,33,33,33,33,33,33,33,33,33,33,33,33,33,33,33,33,33,33,33,33,33,33,33,33,33,33,33,33,33,33,33,33,33,33,33
26,26,26,26,26,26,26,30,30,30,30,30,30,30,30,30,30,30,30,30,30,30,30,0,0,0,0,0,0,0,0,0,0,0,0,0,0,0,0,0,0,0,0,0,0,0,35,35,35,35,35,35,49,49,49,49,49,49,49,49,49,49,49,49,49,49,49,49,49,49,49,49,49,49,49,49,49,49,32,32,32,32,32,32,32,32,32,32,32,32,32,32,32,32,32,32,32,32,32,32,32,32,32,32,32,32,32,32,32,32,32,32,32,32,33,33,33,33,33,33,33,33,33,33,33,33,33,33,33,33,33,33,33,33,33,33,33,33,33,33,33,33,33,33,33,33,33,33,33,33
26,26,26,26,26,26,30,30,30,30,30,30,30,30,30,30,30,30,30,30,30,30,30,0,0,0,0,0,0,0,0,0,0,0,0,0,0,0,0,0,0,0,0,35,35,35,35,35,35,35,35,35,49,49,49,49,49,49,49,49,49,49,49,49,49,49,49,49,49,49,49,49,49,49,49,49,49,49,32,32,32,32,32,32,32,32,32,32,32,32,32,32,32,32,32,32,32,32,32,32,32,32,32,32,32,32,32,32,32,32,32,32,32,32,3,33,33,33,33,33,33,33,33,33,33,33,33,33,33,33,33,33,33,33,33,33,33,33,33,33,33,33,33,33,33,33,33,33,33,33
26,26,26,26,26,30,30,30,30,30,30,30,30,30,30,30,30,30,30,30,30,30,0,0,0,0,0,0,0,0,0,0,0,0,0,0,0,0,0,0,0,0,35,35,35,35,35,35,35,35,35,35,35,49,49,49,49,49,49,49,49,49,49,49,49,49,49,49,49,49,49,49,49,49,49,49,49,32,32,32,32,32,32,32,32,32,32,32,32,32,32,32,32,32,32,32,32,32,32,32,32,32,32,32,32,32,32,32,32,32,32,32,32,3,3,3,33,33,33,33,33,33,33,33,33,33,33,33,33,33,33,33,33,33,33,33,33,33,33,33,33,33,33,33,33,33,33,33,33,33
26,26,26,26,26,30,30,30,30,30,30,30,30,30,30,30,30,30,30,30,30,0,0,0,0,0,0,0,0,0,0,0,0,0,0,0,0,0,0,0,0,35,35,35,35,35,35,35,35,35,35,35,35,49,49,49,49,49,49,49,49,49,49,49,49,49,49,49,49,49,49,49,49,49,49,49,49,32,32,32,32,32,32,32,32,32,32,32,32,32,32,32,32,32,32,32,32,32,32,32,32,32,32,32,32,32,32,32,32,32,32,32,32,3,3,3,3,33,33,33,33,33,33,33,33,33,33,33,33,33,33,33,33,33,33,33,33,33,33,33,33,33,33,33,33,33,33,33,33,33
26,26,26,26,26,30,30,30,30,30,30,30,30,30,30,30,30,30,30,30,30,0,0,0,0,0,0,0,0,0,0,0,0,0,0,0,0,0,0,0,35,35,35,35,35,35,35,35,35,35,35,35,35,35,49,49,49,49,49,49,49,49,49,49,49,49,49,49,49,49,49,49,49,49,49,49,32,32,32,32,32,32,32,32,32,32,32,32,32,32,32,32,32,32,32,32,32,32,32,32,32,32,32,32,32,32,32,32,32,32,32,32,3,3,3,3,3,3,3,3,33,33,33,33,33,33,33,33,33,33,33,33,33,33,33,33,33,33,33,33,33,33,33,33,33,33,33,33,33,33
26,26,26,26,26,30,30,30,30,30,30,30,30,30,30,30,30,30,30,30,30,0,0,0,0,0,0,0,0,0,0,0,0,0,0,0,35,35,35,35,35,35,35,35,35,35,35,35,35,35,35,35,35,35,35,49,49,49,49,49,49,49,49,49,49,49,49,49,49,49,49,49,49,49,49,48,48,32,32,32,32,32,32,32,32,32,32,32,32,32,32,32,32,32,32,32,32,32,32,32,32,32,32,32,32,32,32,32,32,32,32,3,3,3,3,3,3,3,3,3,3,3,3,3,3,3,3,33,33,33,33,33,33,33,33,33,33,33,33,33,33,33,33,33,33,33,33,33,33,33
26,26,26,26,26,30,30,30,30,30,30,30,30,30,30,30,30,30,30,30,30,0,0,0,0,0,0,0,0,0,0,0,0,0,0,0,35,35,35,35,35,35,35,35,35,35,35,35,35,35,35,35,35,35,35,35,35,49,49,49,49,49,49,49,49,49,49,49,49,49,49,49,49,49,49,48,48,32,32,32,32,32,32,32,32,32,32,32,32,32,32,32,32,32,32,32,32,32,32,32,32,32,32,32,32,32,32,32,32,3,3,3,3,3,3,3,3,3,3,3,3,3,3,3,3,3,3,3,3,3,33,33,33,33,33,33,33,33,33,33,33,33,33,33,33,33,33,33,33,33
26,26,26,26,26,30,30,30,30,30,30,30,30,30,30,30,30,30,30,30,30,0,0,0,0,0,0,0,0,0,0,0,0,0,0,35,35,35,35,35,35,35,35,35,35,35,35,35,35,35,35,35,35,35,35,35,35,35,49,49,49,49,49,49,49,49,49,49,49,49,48,49,49,48,48,48,48,32,32,32,32,32,32,32,32,32,32,32,32,32,32,32,32,32,32,32,32,32,32,32,32,32,32,32,32,32,32,32,32,3,3,3,3,3,3,3,3,3,3,3,3,3,3,3,3,3,3,3,3,3,3,3,3,3,3,3,33,33,33,33,33,33,33,33,33,33,33,33,33,33
43,43,43,43,43,30,30,30,30,30,30,30,30,30,30,30,30,30,30,30,30,0,0,0,0,0,0,0,0,0,0,0,0,0,35,35,35,35,35,35,35,35,35,35,35,35,35,35,35,35,35,35,35,35,35,35,35,35,49,49,49,49,49,49,49,49,49,49,49,48,48,48,48,48,48,48,48,48,32,32,32,32,32,32,32,32,32,32,32,32,32,32,32,32,32,32,32,32,32,32,32,32,32,32,32,32,32,32,3,3,3,3,3,3,3,3,3,3,3,3,3,3,3,3,3,3,3,3,3,3,3,3,3,3,3,3,3,3,3,3,33,33,33,33,33,33,33,33,33,33
43,43,43,43,43,43,43,43,43,43,43,43,30,30,30,30,30,30,30,30,30,0,0,0,0,0,0,0,0,0,0,0,0,35,35,35,35,35,35,35,35,35,35,35,35,35,35,35,35,35,35,35,35,35,35,35,35,35,49,49,49,49,49,49,49,49,49,49,48,48,48,48,48,48,48,48,48,48,24,32,32,32,32,32,32,32,32,32,32,32,32,32,32,32,32,32,32,32,32,32,32,32,32,32,32,32,32,32,3,3,3,3,3,3,3,3,3,3,3,3,3,3,3,3,3,3,3,3,3,3,3,3,3,3,3,3,3,3,3,3,3,3,33,33,40,40,40,40,40,40
43,43,43,43,43,43,43,43,43,43,43,43,43,30,30,30,30,30,30,30,30,0,0,0,0,0,0,0,0,0,0,0,35,35,35,35,35,35,35,35,35,35,35,35,35,35,35,35,35,35,35,35,35,35,35,35,35,35,35,49,49,49,49,49,48,48,48,48,48,48,48,48,48,48,48,48,48,48,24,24,32,32,32,32,32,32,32,32,32,32,32,32,32,32,32,32,32,32,32,32,32,32,32,32,32,32,32,32,3,3,3,3,3,3,3,3,3,3,3,3,3,3,3,3,3,3,3,3,3,3,3,3,3,3,3,3,3,3,3,3,3,3,40,40,40,40,40,40,40,40
43,43,43,43,43,43,43,43,43,43,43,43,43,43,30,30,30,43,43,30,0,0,0,0,0,0,0,0,0,0,35,35,35,35,35,35,35,35,35,35,35,35,35,35,35,35,35,35,35,35,35,35,35,35,35,35,35,35,35,49,49,49,49,48,48,48,48,48,48,48,48,48,48,48,48,48,48,24,24,24,24,32,32,32,32,32,32,32,32,32,32,32,32,32,32,32,32,32,32,32,32,32,32,32,32,32,32,32,3,3,3,3,3,3,3,3,3,3,3,3,3,3,3,3,3,3,3,3,3,3,3,3,3,3,3,3,3,3,3,3,3,40,40,40,40,40,40,40,40,40
43,43,43,43,43,43,43,43,43,43,43,43,43,43,43,43,43,43,43,43,0,0,0,0,0,0,0,0,0,35,35,35,35,35,35,35,35,35,35,35,35,35,35,35,35,35,35,35,35,35,35,35,35,35,35,35,35,35,35,35,49,49,48,48,48,48,48,48,48,48,48,48,48,48,48,48,48,48,24,24,24,24,32,32,32,32,32,32,32,32,32,32,32,32,32,32,32,32,32,32,32,32,32,32,32,32,32,32,32,3,3,3,3,3,3,3,3,3,3,3,3,3,3,3,3,3,3,3,3,3,3,3,3,3,3,3,3,3,3,3,40,40,40,40,40,40,40,40,40,40
43,43,43,43,43,43,43,43,43,43,43,43,43,43,43,43,43,43,43,43,0,0,0,0,0,0,0,0,35,35,35,35,35,35,35,35,35,35,35,35,35,35,35,35,35,35,35,35,35,35,35,35,35,35,35,35,35,35,35,35,49,48,48,48,48,48,48,48,48,48,48,48,48,48,48,48,48,48,24,24,24,24,24,32,32,32,32,32,32,32,32,32,32,32,32,32,32,32,32,32,32,32,32,32,32,32,32,32,32,3,3,3,3,3,3,3,3,3,3,3,3,3,3,3,3,3,3,3,3,3,3,3,3,3,3,3,3,3,3,40,40,40,40,40,40,40,40,40,40,40
43,43,43,43,43,43,43,43,43,43,43,43,43,43,43,43,43,43,43,43,43,0,0,0,0,35,35,35,35,35,35,35,35,35,35,35,35,35,35,35,35,35,35,35,35,35,35,35,35,35,35,35,35,35,35,35,35,35,35,35,35,48,48,48,48,48,48,48,48,48,48,48,48,48,48,48,48,48,48,24,24,24,24,32,32,32,32,32,32,32,32,32,32,32,32,32,32,32,32,32,32,32,32,32,32,32,32,32,3,3,3,3,3,3,3,3,3,3,3,3,3,3,3,3,3,3,3,3,3,3,3,3,3,3,3,3,3,3,3,40,40,40,40,40,40,40,40,40,40,40
43,43,43,43,43,43,43,43,43,43,43,43,43,43,43,43,43,43,43,43,43,43,43,0,35,35,35,35,35,35,35,35,35,35,35,35,35,35,35,35,35,35,35,35,35,35,35,35,35,35,35,35,35,35,35,35,35,35,35,35,35,48,48,48,48,48,48,48,48,48,48,48,48,48,48,48,48,48,48,24,24,24,24,24,32,32,32,32,32,32,32,32,32,32,32,32,32,32,32,32,32,32,32,32,32,32,29,3,3,3,3,3,3,3,3,3,3,3,3,3,3,3,3,3,3,3,3,3,3,3,3,3,3,3,3,3,3,3,3,40,40,40,40,40,40,40,40,40,40,40
43,43,43,43,43,43,43,43,43,43,43,43,43,43,43,43,43,43,43,43,43,43,43,43,35,35,35,35,35,35,35,35,35,35,35,35,35,35,35,35,35,35,35,35,35,35,35,35,35,35,35,35,35,35,35,35,35,35,35,35,35,48,48,48,48,48,48,48,48,48,48,48,48,48,48,48,48,48,48,24,24,24,24,24,34,34,34,34,34,34,34,32,32,32,32,32,32,32,34,34,34,34,32,32,32,29,29,29,3,3,3,3,3,3,3,3,3,3,3,3,3,3,3,3,3,3,3,3,3,3,3,3,3,3,3,3,3,3,3,40,40,40,40,40,40,40,40,40,40,40
43,43,43,43,43,43,43,43,43,43,43,43,43,43,43,43,43,43,43,43,43,43,43,43,35,35,35,35,35,35,35,35,35,35,35,35,35,35,35,35,35,35,35,35,35,35,35,35,35,35,35,35,35,35,35,35,35,35,35,35,35,48,48,48,48,48,48,48,48,48,48,48,48,48,48,48,48,48,48,24,24,24,24,24,34,34,34,34,34,34,34,34,34,34,34,34,34,34,34,34,34,34,34,29,29,29,29,29,29,3,3,3,3,3,3,3,3,3,3,3,3,3,3,3,3,3,3,3,3,3,3,3,3,3,3,3,3,3,3,40,40,40,40,40,40,40,40,40,40,40
43,43,43,43,43,43,43,43,43,43,43,43,43,43,43,43,43,43,43,43,43,43,43,43,35,35,35,35,35,35,35,35,35,35,35,35,35,35,35,35,35,35,35,35,35,35,35,35,35,35,35,35,35,35,35,35,35,35,35,35,35,35,48,48,48,48,48,48,48,48,48,48,48,48,48,48,48,48,48,24,24,24,24,24,34,34,34,34,34,34,34,34,34,34,34,34,34,34,34,34,34,34,29,29,29,29,29,29,29,3,3,3,3,3,3,3,3,3,3,3,3,3,3,3,3,3,3,3,3,3,3,3,3,3,3,3,3,3,3,3,40,40,40,40,40,40,40,40,40,40
43,43,43,43,43,43,43,43,43,43,43,43,43,43,43,43,43,43,43,43,43,43,43,43,35,35,35,35,35,35,35,35,35,35,35,35,35,35,35,35,35,35,35,35,35,35,35,35,35,35,35,35,35,35,35,35,35,35,35,35,35,35,48,48,48,48,48,48,48,48,48,48,48,48,48,48,48,48,48,24,24,24,24,24,34,34,34,34,34,34,34,34,34,34,34,34,34,34,34,34,34,29,29,29,29,29,29,29,29,3,3,3,3,3,3,3,3,3,3,3,3,3,3,3,3,3,3,3,3,3,3,3,3,3,3,3,3,3,3,3,40,40,40,40,40,40,40,40,40,40
43,43,43,43,43,43,43,43,43,43,43,43,43,43,43,43,43,43,43,43,43,43,43,43,35,35,35,35,35,35,35,35,35,35,35,35,35,35,35,35,35,35,35,35,35,35,35,35,35,35,35,35,35,35,35,35,35,35,35,35,35,35,48,48,48,48,48,48,48,48,48,48,48,48,48,48,48,48,48,48,24,24,24,24,34,34,34,34,34,34,34,34,34,34,34,34,34,34,34,34,29,29,29,29,29,29,29,29,29,29,3,3,3,3,3,3,3,3,3,3,3,3,3,3,3,3,3,3,3,3,3,3,3,3,3,3,3,3,3,3,40,40,40,40,40,40,40,40,40,40
43,43,43,43,43,43,43,43,43,43,43,43,43,43,43,43,43,43,43,43,43,43,43,43,43,35,35,35,35,35,35,35,35,35,35,35,35,35,35,35,35,35,35,35,35,35,35,35,35,35,35,35,35,35,35,35,35,35,35,35,35,35,48,48,48,48,48,48,48,48,48,48,48,48,48,48,48,48,48,48,24,24,24,24,34,34,34,34,34,34,34,34,34,34,34,34,34,34,34,29,29,29,29,29,29,29,29,29,29,29,3,3,3,3,3,3,3,3,3,3,3,3,3,3,3,3,3,3,3,3,3,3,3,3,3,3,3,3,3,3,40,40,40,40,40,40,40,40,40,40
43,43,43,43,43,43,43,43,43,43,43,43,43,43,43,43,43,43,43,43,43,43,43,43,43,35,35,35,35,35,35,35,35,35,35,35,35,35,35,35,35,35,35,35,35,35,35,35,35,35,35,35,35,35,35,35,35,35,35,35,35,35,48,48,48,48,48,48,48,48,48,48,48,48,48,48,48,48,48,48,48,24,24,24,34,34,34,34,34,34,34,34,34,34,34,34,34,34,29,29,29,29,29,29,29,29,29,29,29,29,3,3,3,3,3,3,3,3,3,3,3,3,3,3,3,3,3,3,3,3,3,3,3,3,3,3,3,3,40,40,40,40,40,40,40,40,40,40,40,40
43,43,43,43,43,43,43,43,43,43,43,43,43,43,43,43,43,43,43,43,43,43,43,43,43,35,35,35,35,35,35,35,35,35,35,35,35,35,35,35,35,35,35,35,35,35,35,35,35,35,35,35,35,35,35,35,35,35,35,35,35,35,48,48,48,48,48,48,48,48,48,48,48,48,48,48,48,48,48,48,48,24,24,24,34,34,34,34,34,34,34,34,34,34,34,34,34,29,29,29,29,29,29,29,29,29,29,29,29,29,3,3,3,3,3,3,3,3,3,3,3,3,3,3,3,3,3,3,3,3,3,3,3,3,3,3,3,40,40,40,40,40,40,40,40,40,40,40,40,40
43,43,43,43,43,43,43,43,43,43,43,43,43,43,43,43,43,43,43,43,43,43,43,43,43,35,35,35,35,35,35,35,35,35,35,35,35,35,35,35,35,35,35,35,35,35,35,35,35,35,35,35,35,35,35,35,35,35,35,35,35,35,48,48,48,48,48,48,48,48,48,48,48,48,48,48,48,48,48,48,48,24,24,34,34,34,34,34,34,34,34,34,34,34,34,34,29,29,29,29,29,29,29,29,29,29,29,29,29,29,3,3,3,3,3,3,3,3,3,3,3,3,3,3,3,3,3,3,3,3,3,3,3,3,3,3,3,40,40,40,40,40,40,40,40,40,40,40,40,40
43,43,43,43,43,43,43,43,43,43,43,43,43,43,43,43,43,43,43,43,43,43,43,43,43,35,35,35,35,35,35,35,35,35,35,35,35,35,35,35,35,35,35,35,35,35,35,35,35,35,35,35,35,35,35,35,35,35,35,35,35,35,48,48,48,48,48,48,48,48,48,48,48,48,48,48,48,48,48,48,24,24,24,34,34,34,34,34,34,34,34,34,34,34,34,29,29,29,29,29,29,29,29,29,29,29,29,29,29,29,3,3,3,3,3,3,3,3,3,3,3,3,3,3,3,3,3,3,3,3,3,3,3,3,3,3,3,40,40,40,40,40,40,40,40,40,40,40,40,40
43,43,43,43,43,43,43,43,43,43,43,43,43,43,43,43,43,43,43,43,43,43,43,43,43,35,35,35,35,35,35,35,35,35,35,35,35,35,35,35,35,35,35,35,35,35,35,35,35,35,35,35,35,35,35,35,35,35,35,35,35,35,48,48,48,48,48,48,48,48,48,48,48,48,48,48,48,48,48,48,24,24,24,34,34,34,34,34,34,34,34,34,34,34,29,29,29,29,29,29,29,29,29,29,29,29,29,29,29,3,3,3,3,3,3,3,3,3,3,3,3,3,3,3,3,3,3,3,3,3,3,3,3,3,3,3,3,40,40,40,40,40,40,40,40,40,40,40,40,40
43,43,43,43,43,43,43,43,43,43,43,43,43,43,43,43,43,43,43,43,43,43,43,43,43,43,35,35,35,35,35,35,35,35,35,35,35,35,35,35,35,35,35,35,35,35,35,35,35,35,35,35,35,35,35,35,35,35,35,35,12,48,48,48,48,48,48,48,48,48,48,48,48,48,48,48,48,48,48,48,24,24,24,34,34,34,34,34,34,34,34,34,29,29,29,29,29,29,29,29,29,29,29,29,29,29,29,29,29,29,3,3,3,3,3,3,3,3,3,3,3,3,3,3,3,3,3,3,3,3,3,3,3,3,3,3,3,40,40,40,40,40,40,40,40,40,40,40,40,40
43,43,43,43,43,43,43,43,43,43,43,43,43,43,43,43,43,43,43,43,43,43,43,43,43,13,13,13,35,35,35,35,35,35,35,35,35,35,35,35,35,35,35,35,35,35,35,35,35,35,35,35,35,35,35,35,35,35,35,12,12,12,48,48,48,48,48,48,48,48,48,48,48,48,48,48,48,48,48,48,24,24,24,34,34,34,34,34,34,34,34,29,29,29,29,29,29,29,29,29,29,29,29,29,29,29,29,29,29,29,3,3,3,3,3,3,3,3,3,3,3,3,3,3,3,3,3,3,3,3,3,3,3,3,3,3,3,40,40,40,40,40,40,40,40,40,40,40,40,40
43,43,43,43,43,43,43,43,43,43,43,43,43,43,43,43,43,43,43,43,43,43,43,43,13,13,13,13,35,35,13,13,13,35,35,35,35,35,35,35,35,35,35,35,35,35,35,35,35,35,35,35,35,35,35,35,35,35,12,12,12,12,48,48,48,48,48,48,48,48,48,48,48,48,48,48,48,48,48,48,24,24,24,34,34,34,34,34,34,34,29,29,29,29,29,29,29,29,29,29,29,29,29,29,29,29,29,29,29,29,29,3,3,3,3,3,3,3,3,3,3,3,3,3,3,3,3,3,3,3,3,3,3,3,3,3,3,40,40,40,40,40,40,40,40,40,40,40,40,40
43,43,43,43,43,43,43,43,43,43,43,43,43,43,43,43,43,43,43,43,43,43,43,13,13,13,13,13,13,13,13,13,13,13,13,13,35,35,35,35,35,35,35,35,35,35,35,35,35,35,35,35,35,35,35,35,35,12,12,12,12,12,12,12,48,48,12,12,12,12,12,12,12,12,48,48,48,12,12,12,12,12,12,12,34,34,34,34,34,29,29,29,29,29,29,29,29,29,29,29,29,29,29,29,29,29,29,29,29,29,29,3,3,3,3,3,3,3,3,3,3,3,3,3,3,3,3,3,3,3,3,3,3,3,3,3,3,40,40,40,40,40,40,40,40,40,40,40,40,40
43,43,43,43,43,43,43,43,43,43,43,43,43,43,43,43,43,43,43,43,43,43,43,13,13,13,13,13,13,13,13,13,13,13,13,13,13,13,13,13,35,35,35,35,35,35,35,35,35,35,35,35,35,35,35,35,12,12,12,12,12,12,12,12,12,12,12,12,12,12,12,12,12,12,12,12,12,12,12,12,12,12,12,12,12,12,34,34,29,29,29,29,29,29,29,29,29,29,29,29,29,29,29,29,29,29,29,29,29,29,29,3,3,3,3,3,3,3,3,3,3,3,3,3,3,3,3,3,3,3,3,3,3,36,3,3,3,40,40,40,40,40,40,40,40,40,40,40,40,40
43,43,43,43,43,43,43,43,43,43,43,43,43,43,43,43,43,43,43,43,43,43,13,13,13,13,13,13,13,13,13,13,13,13,13,13,13,13,13,13,13,35,35,35,35,35,35,35,35,35,35,35,35,35,35,12,12,12,12,12,12,12,12,12,12,12,12,12,12,12,12,12,12,12,12,12,12,12,12,12,12,12,12,12,12,12,12,29,29,29,29,29,29,29,29,29,29,29,29,29,29,29,29,29,29,29,29,29,29,29,29,3,3,3,3,3,3,3,3,3,3,3,3,3,3,3,3,3,3,3,3,3,36,36,36,36,36,40,40,40,40,40,40,40,40,40,40,40,40,40
43,43,43,43,43,43,43,43,43,43,43,43,43,43,43,43,43,43,43,43,43,13,13,13,13,13,13,13,13,13,13,13,13,13,13,13,13,13,13,13,13,13,13,13,13,35,35,35,35,35,35,35,35,35,50,50,50,12,12,12,12,12,12,12,12,12,12,12,12,12,12,12,12,12,12,12,12,12,12,12,12,12,12,12,12,12,12,29,29,29,29,29,29,29,29,29,29,29,29,29,29,29,29,29,29,29,29,29,29,29,29,3,3,3,3,3,3,3,3,3,3,3,3,3,3,3,3,3,36,36,36,36,36,36,36,36,36,36,40,40,40,40,40,40,40,40,40,40,40,40
43,43,43,43,43,43,43,43,43,43,43,43,43,43,43,43,43,43,43,46,46,13,13,13,13,13,13,13,13,13,13,13,13,13,13,13,13,13,13,13,13,13,13,13,13,13,13,35,35,35,35,35,35,50,50,50,50,50,12,12,12,12,12,12,12,12,12,12,12,12,12,12,12,12,12,12,12,12,12,12,12,12,12,12,12,12,12,29,29,29,29,29,29,29,29,29,29,29,29,29,29,29,29,29,29,29,29,29,29,29,29,29,3,3,3,3,3,3,3,3,3,3,3,3,3,36,36,36,36,36,36,36,36,36,36,36,36,36,36,40,40,40,40,40,40,40,40,40,40,40
43,43,43,43,43,43,43,43,43,43,43,43,43,43,43,43,43,43,46,46,46,13,13,13,13,13,13,13,13,13,13,13,13,13,13,13,13,13,13,13,13,13,13,13,13,13,13,13,35,50,50,50,50,50,50,50,50,50,50,12,12,12,12,12,12,12,12,12,12,12,12,12,12,12,12,12,12,12,12,12,12,12,12,12,12,12,12,29,29,29,29,29,29,29,29,29,29,29,29,29,29,29,29,29,29,29,29,29,29,29,29,29,3,3,3,3,3,3,3,3,3,3,3,3,36,36,36,36,36,36,36,36,36,36,36,36,36,36,36,36,40,40,40,40,40,40,40,40,40,40
43,43,43,43,43,43,43,43,43,43,43,43,46,46,46,46,46,46,46,46,13,13,13,13,13,13,13,13,13,13,13,13,13,13,13,13,13,13,13,13,13,13,13,13,13,13,13,13,50,50,50,50,50,50,50,50,50,50,50,50,12,12,12,12,12,12,12,12,12,12,12,12,12,12,12,12,12,12,12,12,12,12,12,12,12,12,12,29,29,29,29,29,29,29,29,29,29,29,29,29,29,29,29,29,29,29,29,29,29,29,29,29,3,3,3,3,3,3,3,3,3,3,3,36,36,36,36,36,36,36,36,36,36,36,36,36,36,36,36,36,36,40,40,40,40,40,40,40,40,40
43,43,43,46,46,46,46,46,46,46,46,46,46,46,46,46,46,46,46,46,13,13,13,13,13,13,13,13,13,13,13,13,13,13,13,13,13,13,13,13,13,13,13,13,13,13,13,50,50,50,50,50,50,50,50,50,50,50,50,50,50,50,12,12,12,12,12,12,12,12,12,12,12,12,12,12,12,12,12,12,12,12,12,12,12,12,12,29,29,29,29,29,29,29,29,29,29,29,29,29,29,29,29,29,29,29,29,29,29,29,29,29,3,3,3,3,3,3,3,3,3,3,36,36,36,36,36,36,36,36,36,36,36,36,36,36,36,36,36,36,36,40,40,40,40,40,40,40,40,40
43,43,46,46,46,46,46,46,46,46,46,46,46,46,46,46,46,46,46,13,13,13,13,13,13,13,13,13,13,13,13,13,13,13,13,13,13,13,13,13,13,13,13,13,13,13,13,13,50,50,50,50,50,50,50,50,50,50,50,50,50,50,50,50,12,12,12,12,12,12,12,12,12,12,12,12,12,12,12,12,12,12,12,12,12,12,12,12,39,39,39,39,39,39,39,39,29,29,29,29,29,29,29,29,29,29,29,29,29,29,29,29,3,3,3,3,3,3,3,3,3,36,36,36,36,36,36,36,36,36,36,36,36,36,36,36,36,36,36,36,36,36,36,40,40,40,40,40,40,40
46,46,46,46,46,46,46,46,46,46,46,46,46,46,46,46,46,46,46,13,13,13,13,13,13,13,13,13,13,13,13,13,13,13,13,13,13,13,13,13,13,13,13,13,13,13,13,13,50,50,50,50,50,50,50,50,50,50,50,50,50,50,50,50,12,12,12,12,12,12,12,12,12,12,12,12,12,12,12,12,12,12,12,12,12,12,12,39,39,39,39,39,39,39,39,39,39,39,29,29,29,29,29,29,29,29,29,29,29,29,29,29,29,3,3,3,3,3,36,36,36,36,36,36,36,36,36,36,36,36,36,36,36,36,36,36,36,36,36,36,36,36,36,40,40,40,40,40,40,40
46,46,46,46,46,46,46,46,46,46,46,46,46,46,46,46,46,46,46,13,13,13,13,13,13,13,13,13,13,13,13,13,13,13,13,13,13,13,13,13,13,13,13,13,13,13,13,13,50,50,50,50,50,50,50,50,50,50,50,50,50,50,50,50,50,12,12,12,12,12,12,12,12,12,12,12,12,12,12,12,12,12,12,12,12,12,12,39,39,39,39,39,39,39,39,39,39,39,39,39,29,29,29,29,29,29,29,29,29,29,29,29,29,3,3,3,3,3,36,36,36,36,36,36,36,36,36,36,36,36,36,36,36,36,36,36,36,36,36,36,36,36,36,36,40,40,40,40,40,40
46,46,46,46,46,46,46,46,46,46,46,46,46,46,46,46,46,46,46,13,13,13,13,13,13,13,13,13,13,13,13,13,13,13,13,13,13,13,13,13,13,13,13,13,13,13,13,13,50,50,50,50,50,50,50,50,50,50,50,50,50,50,50,50,50,50,25,25,25,12,12,12,12,12,12,12,12,12,12,12,12,12,12,12,12,12,12,39,39,39,39,39,39,39,39,39,39,39,39,39,39,39,39,39,39,39,29,29,29,29,29,29,29,3,3,3,3,36,36,36,36,36,36,36,36,36,36,36,36,36,36,36,36,36,36,36,36,36,36,36,36,36,36,36,40,40,40,40,40,40
46,46,46,46,46,46,46,46,46,46,46,46,46,46,46,46,46,46,13,13,13,13,13,13,13,13,13,13,13,13,13,13,13,13,13,13,13,13,13,13,13,13,13,13,13,13,13,50,50,50,50,50,50,50,50,50,50,50,50,50,50,50,50,50,50,50,25,25,25,25,12,12,12,12,12,12,12,12,12,12,12,12,12,12,12,12,12,39,39,39,39,39,39,39,39,39,39,39,39,39,39,39,39,39,39,39,39,29,29,29,29,29,44,44,44,44,36,36,36,36,36,36,36,36,36,36,36,36,36,36,36,36,36,36,36,36,36,36,36,36,36,36,36,36,36,40,40,40,40,40
46,46,46,46,46,46,46,46,46,46,46,46,46,46,46,46,46,46,13,13,13,13,13,13,13,13,13,13,13,13,13,13,13,13,13,13,13,13,13,13,13,13,13,13,13,13,13,50,50,50,50,50,50,50,50,50,50,50,50,50,50,50,50,50,50,50,50,25,25,25,25,12,12,12,12,12,12,12,12,12,12,12,12,12,12,12,39,39,39,39,39,39,39,39,39,39,39,39,39,39,39,39,39,39,39,39,39,39,29,29,29,29,44,44,44,44,44,36,36,36,36,36,36,36,36,36,36,36,36,36,36,36,36,36,36,36,36,36,36,36,36,36,36,36,36,40,40,40,40,40
46,46,46,46,46,46,46,46,46,46,46,46,46,46,46,46,46,46,13,13,13,13,13,13,13,13,13,13,13,13,13,13,13,13,13,13,13,13,13,13,13,13,13,13,13,50,50,50,50,50,50,50,50,50,50,50,50,50,50,50,50,50,50,50,50,50,50,25,25,25,25,25,25,12,12,12,12,12,12,12,12,12,12,12,12,12,39,39,39,39,39,39,39,39,39,39,39,39,39,39,39,39,39,39,39,39,39,39,39,29,29,44,44,44,44,44,44,36,36,36,36,36,36,36,36,36,36,36,36,36,36,36,36,36,36,36,36,36,36,36,36,36,36,36,36,40,40,40,40,40
46,46,46,46,46,46,46,46,46,46,46,46,46,46,46,46,46,46,13,13,13,13,13,13,13,13,13,13,13,13,13,13,13,13,13,13,13,13,13,13,13,13,13,13,13,13,50,50,50,50,50,50,50,50,50,50,50,50,50,50,50,50,50,50,50,50,25,25,25,25,25,25,25,25,12,12,12,12,12,12,12,12,12,12,12,12,39,39,39,39,39,39,39,39,39,39,39,39,39,39,39,39,39,39,39,39,39,39,39,39,44,44,44,44,44,44,44,36,36,36,36,36,36,36,36,36,36,36,36,36,36,36,36,36,36,36,36,36,36,36,36,36,36,36,36,40,40,40,40,40
46,46,46,46,46,46,46,46,46,46,46,46,46,46,46,46,46,46,13,13,13,13,13,13,13,13,13,13,13,13,13,13,13,13,13,13,13,13,13,13,13,13,13,13,13,13,50,50,50,50,50,50,50,50,50,50,50,50,50,50,50,50,50,50,50,50,25,25,25,25,25,25,25,25,25,25,12,12,12,12,12,12,12,12,12,12,39,39,39,39,39,39,39,39,39,39,39,39,39,39,39,39,39,39,39,39,39,39,39,44,44,44,44,44,44,44,44,44,36,36,36,36,36,36,36,36,36,36,36,36,36,36,36,36,36,36,36,36,36,36,36,36,36,36,36,36,40,40,40,40
46,46,46,46,46,46,46,46,46,46,46,46,46,46,46,46,46,46,13,13,13,13,13,13,13,13,13,13,13,13,13,13,13,13,13,13,13,13,13,13,13,13,13,13,13,13,13,50,50,50,50,50,50,50,50,50,50,50,50,50,50,50,50,50,50,50,50,25,25,25,25,25,25,25,25,25,25,25,25,12,12,12,12,12,12,12,39,39,39,39,39,39,39,39,39,39,39,39,39,39,39,39,39,39,39,39,39,39,44,44,44,44,44,44,44,44,44,44,36,36,36,36,36,36,36,36,36,36,36,36,36,36,36,36,36,36,36,36,36,36,36,36,36,36,36,36,36,40,40,40
46,46,46,46,46,46,46,46,46,46,46,46,46,46,46,46,13,13,13,13,13,13,13,13,13,13,13,13,13,13,13,13,13,13,13,13,13,13,13,13,13,13,13,13,13,13,13,50,50,50,50,50,50,50,50,50,50,50,50,50,50,50,50,50,50,50,50,25,25,25,25,25,25,25,25,25,25,25,25,25,12,12,12,12,12,12,39,39,39,39,39,39,39,39,39,39,39,39,39,39,39,39,39,39,39,39,44,44,44,44,44,44,44,44,44,44,44,44,36,36,36,36,36,36,36,36,36,36,36,36,36,36,36,36,36,36,36,36,36,36,36,36,36,36,36,36,36,36,40,40
46,46,46,46,46,46,46,46,46,46,46,46,46,46,46,46,13,13,13,13,13,13,13,13,13,13,13,13,13,13,13,13,13,13,13,13,13,13,13,13,13,13,13,13,13,13,13,50,50,50,50,50,50,50,50,50,50,50,50,50,50,50,50,50,50,50,50,50,25,25,25,25,25,25,25,25,25,25,25,25,25,12,12,12,12,12,39,39,39,39,39,39,39,39,39,39,39,39,39,39,39,39,39,39,44,44,44,44,44,44,44,44,44,44,44,44,44,44,44,36,36,36,36,36,36,36,36,36,36,36,36,36,36,36,36,36,36,36,36,36,36,36,36,36,36,36,36,36,36,36
46,46,46,46,46,46,46,46,46,46,46,46,46,46,46,46,46,13,13,13,13,13,13,13,13,13,13,13,13,13,13,13,13,13,13,13,13,13,13,13,13,13,13,13,13,13,13,50,50,50,50,50,50,50,50,50,50,50,50,50,50,50,50,50,50,50,50,50,25,25,25,25,25,25,25,25,25,25,25,25,25,12,12,12,12,39,39,39,39,39,39,39,39,39,39,39,39,39,39,39,39,39,39,44,44,44,44,44,44,44,44,44,44,44,44,44,44,44,44,44,36,36,36,36,36,36,36,36,36,36,36,36,36,36,36,36,36,36,36,36,36,36,36,36,36,36,36,36,36,36
46,46,46,46,46,46,46,46,46,46,46,46,46,46,46,46,46,13,13,13,13,13,13,13,13,13,13,13,13,13,13,13,13,13,13,13,13,13,13,13,13,13,13,13,13,13,13,50,50,50,50,50,50,50,50,50,50,50,50,50,50,50,50,50,50,50,50,50,25,25,25,25,25,25,25,25,25,25,25,25,25,25,12,12,12,39,39,39,39,39,39,39,39,39,39,39,39,39,39,39,39,39,44,44,44,44,44,44,44,44,44,44,44,44,44,44,44,44,44,44,44,36,36,36,36,36,36,36,36,36,36,36,36,36,36,36,36,36,36,36,36,36,36,36,36,36,36,36,36,36
46,46,46,46,46,46,46,46,46,46,46,46,46,46,46,46,46,13,13,13,13,13,13,13,13,13,13,13,13,13,13,13,13,13,13,13,13,13,13,13,13,13,13,13,13,13,13,50,50,50,50,50,50,50,50,50,50,50,50,50,50,50,50,50,50,50,50,50,50,25,25,25,25,25,25,25,25,25,25,25,25,25,25,12,39,39,39,39,39,39,39,39,39,39,39,39,39,39,39,39,39,44,44,44,44,44,44,44,44,44,44,44,44,44,44,44,44,44,44,44,44,36,36,36,36,36,36,36,36,36,36,36,36,36,36,36,36,36,36,36,36,36,36,36,36,36,36,36,36,36
46,46,46,46,46,46,46,46,46,46,46,46,46,46,46,46,46,13,13,13,13,13,13,13,13,13,13,13,13,13,13,13,13,13,13,13,13,13,13,13,13,13,13,13,13,13,13,50,50,50,50,50,50,50,50,50,50,50,50,50,50,50,50,50,50,50,50,50,50,25,25,25,25,25,25,25,25,25,25,25,25,25,25,25,39,39,39,39,39,39,39,39,39,39,39,39,39,39,39,39,44,44,44,44,44,44,44,44,44,44,44,44,44,44,44,44,44,44,44,44,44,36,36,36,36,36,36,36,36,36,36,36,36,36,36,36,36,36,36,36,36,36,36,36,36,36,36,36,36,36
46,46,46,46,46,46,46,46,46,46,46,46,46,46,46,46,46,13,13,13,13,13,13,13,13,13,13,13,13,13,13,13,13,13,13,13,13,13,13,13,13,13,13,13,13,13,13,50,50,50,50,50,50,50,50,50,50,50,50,50,50,50,50,50,50,50,50,50,50,25,25,25,25,25,25,25,25,25,25,25,25,25,25,25,39,39,39,39,39,39,39,39,39,39,39,39,39,39,44,44,44,44,44,44,44,44,44,44,44,44,44,44,44,44,44,44,44,44,44,44,44,36,36,36,36,36,36,36,36,36,36,36,36,36,36,36,36,36,36,36,36,36,36,36,36,36,36,36,36,36
46,46,46,46,46,46,46,46,46,46,46,46,46,46,46,46,46,13,13,13,13,13,13,13,13,13,13,13,13,13,13,13,13,13,13,13,13,13,13,13,13,13,13,13,13,13,13,50,50,50,50,50,50,50,50,50,50,50,50,50,50,50,50,50,50,50,50,50,50,25,25,25,25,25,25,22,22,22,22,22,22,22,22,22,39,39,39,39,39,39,39,39,39,39,39,39,39,44,44,44,44,44,44,44,44,44,44,44,44,44,44,44,44,44,44,44,44,44,44,44,44,36,36,36,36,36,36,36,36,36,36,36,36,36,36,36,36,36,36,36,36,36,36,36,36,36,36,36,36,36
46,46,46,46,46,46,46,46,46,46,46,46,46,46,46,46,46,13,13,13,13,13,13,13,13,13,13,13,13,13,13,13,13,13,13,13,13,13,13,13,13,13,13,13,13,13,13,50,50,50,50,50,50,50,50,50,50,50,50,50,50,50,50,50,50,50,50,50,50,50,25,25,25,25,22,22,22,22,22,22,22,22,22,22,22,17,17,39,39,39,39,8,8,8,8,39,44,44,44,44,44,44,44,44,44,44,44,44,44,44,44,44,44,44,44,44,44,44,44,44,51,51,51,36,36,36,36,36,36,36,36,36,36,36,36,36,36,36,36,36,36,36,36,36,36,36,36,36,36,36
46,46,46,46,46,46,46,46,46,46,46,46,15,15,15,15,15,13,13,15,13,13,13,13,13,13,13,13,13,13,13,13,13,13,13,13,13,13,13,13,13,13,13,13,13,13,13,50,50,50,50,50,50,50,50,50,50,50,50,50,50,50,50,50,50,50,50,50,50,50,50,22,22,22,22,22,22,22,22,22,22,22,22,22,17,17,17,17,39,39,8,8,8,8,8,8,44,44,44,44,44,44,44,44,44,44,44,44,44,44,44,44,44,44,44,44,44,44,44,51,51,51,51,51,36,36,36,36,36,36,36,36,36,36,36,36,36,36,36,36,36,36,36,36,36,36,36,36,36,36
47,46,46,46,46,46,46,47,47,46,46,15,15,15,15,15,15,15,15,15,15,15,13,13,13,13,13,13,13,13,13,13,13,13,13,13,13,13,13,13,13,13,13,13,13,13,13,50,50,50,50,50,50,50,50,50,50,50,50,50,50,50,50,50,50,50,50,50,50,50,22,22,22,22,22,22,22,22,22,22,22,22,22,22,17,17,17,17,17,8,8,8,8,8,8,8,8,44,44,44,44,44,44,44,44,44,44,44,44,44,44,44,44,44,44,44,51,51,51,51,51,51,51,51,51,51,51,36,36,36,36,36,36,36,36,36,36,36,36,36,36,36,36,36,36,36,36,36,36,36
47,47,47,47,47,47,47,47,47,47,47,15,15,15,15,15,15,15,15,15,15,15,15,15,15,13,13,13,13,13,13,13,13,13,13,13,13,13,13,13,13,13,13,13,13,13,13,50,50,50,50,50,50,50,50,50,50,50,50,50,50,50,50,50,50,50,50,50,50,22,22,22,22,22,22,22,22,22,22,22,22,22,22,17,17,17,17,17,17,17,8,8,8,8,8,8,8,8,44,44,44,44,44,44,44,44,44,44,44,44,44,44,44,44,44,51,51,51,51,51,51,51,51,51,51,51,51,51,36,36,36,36,36,36,36,36,36,36,36,36,36,36,36,36,36,36,36,36,36,36
47,47,47,47,47,47,47,47,47,47,47,47,15,15,15,15,15,15,15,15,15,15,15,15,15,15,15,13,13,13,13,13,13,13,13,13,13,13,13,13,13,13,13,13,13,23,23,50,50,50,50,50,50,50,50,50,50,50,50,50,50,50,50,50,50,50,50,50,22,22,22,22,22,22,22,22,22,22,22,22,22,22,17,17,17,17,17,17,17,8,8,8,8,8,8,8,8,8,44,44,44,44,44,44,44,44,44,44,44,44,44,44,44,44,51,51,51,51,51,51,51,51,51,51,51,51,51,51,51,51,36,36,36,36,36,36,36,36,36,36,36,36,36,36,36,36,36,36,36,36
47,47,47,47,47,47,47,47,47,47,47,47,15,15,15,15,15,15,15,15,15,15,15,15,15,15,15,15,15,13,13,13,13,13,13,13,13,13,13,13,13,13,13,23,23,23,23,23,23,23,50,50,50,50,50,50,50,50,50,50,50,50,50,50,50,50,50,22,22,22,22,22,22,22,22,22,22,22,22,22,22,17,17,17,17,17,17,17,17,8,8,8,8,8,8,8,8,8,8,44,44,44,44,44,44,44,44,44,44,44,44,44,44,51,51,51,51,51,51,51,51,51,51,51,51,51,51,51,51,51,51,51,36,36,36,36,36,36,36,36,36,36,36,36,36,36,36,36,36,36
47,47,47,47,47,47,47,47,47,47,47,47,15,15,15,15,15,15,15,15,15,15,15,15,15,15,15,15,15,15,13,13,13,13,13,13,13,13,13,23,23,23,23,23,23,23,23,23,23,23,23,23,50,50,23,50,50,50,50,50,50,50,50,50,50,50,22,22,22,22,22,22,22,22,22,22,22,22,22,22,17,17,17,17,17,17,17,17,17,8,8,8,8,8,8,8,8,8,8,8,44,44,44,44,44,44,44,44,44,44,44,44,51,51,51,51,51,51,51,51,51,51,51,51,51,51,51,51,51,51,51,51,51,36,36,36,36,36,36,36,36,36,36,36,36,36,36,36,36,36
47,47,47,47,47,47,47,47,47,47,47,47,47,15,15,15,15,15,15,15,15,15,15,15,15,15,15,15,15,15,13,13,13,13,13,13,13,13,23,23,23,23,23,23,23,23,23,23,23,23,23,23,23,23,23,23,23,50,50,50,50,50,50,50,50,22,22,22,22,22,22,22,22,22,22,22,22,22,22,22,17,17,17,17,17,17,17,17,17,8,8,8,8,8,8,8,8,8,8,8,8,44,44,44,44,44,44,44,44,44,44,51,51,51,51,51,51,51,51,51,51,51,51,51,51,51,51,51,51,51,51,51,51,51,36,36,36,36,36,36,36,36,36,36,36,36,36,36,36,36
47,47,47,47,47,47,47,47,47,47,47,47,47,15,15,15,15,15,15,15,15,15,15,15,15,15,15,15,15,15,15,15,14,14,14,14,13,23,23,23,23,23,23,23,23,23,23,23,23,23,23,23,23,23,23,23,23,23,50,50,50,50,50,50,22,22,22,22,22,22,22,22,22,22,22,22,22,22,22,17,17,17,17,17,17,17,17,17,17,8,8,8,8,8,8,8,8,8,8,8,8,8,44,44,44,44,51,51,44,44,51,51,51,51,51,51,51,51,51,51,51,51,51,51,51,51,51,51,51,51,51,51,51,51,51,36,36,36,36,36,36,36,36,36,36,36,36,36,36,36
47,47,47,47,47,47,47,47,47,47,47,47,47,15,15,15,15,15,15,15,15,15,15,15,15,15,15,15,15,15,15,14,14,14,14,14,14,23,23,23,23,23,23,23,23,23,23,23,23,23,23,23,23,23,23,23,23,23,23,23,50,50,50,22,22,22,22,22,22,22,22,22,22,22,22,22,22,22,22,17,17,17,17,17,17,17,17,17,17,8,8,8,8,8,8,8,8,8,8,8,8,8,8,44,44,51,51,51,51,51,51,51,51,51,51,51,51,51,51,51,51,51,51,51,51,51,51,51,51,51,51,51,51,51,51,51,51,36,36,36,36,36,36,36,36,36,36,36,36,36
47,47,47,47,47,47,47,47,47,47,47,47,47,15,15,15,15,15,15,15,15,15,15,15,15,15,15,15,15,15,14,14,14,14,14,14,23,23,23,23,23,23,23,23,23,23,23,23,23,23,23,23,23,23,23,23,23,23,23,23,23,22,22,22,22,22,22,22,22,22,22,22,22,22,22,22,22,22,22,17,17,17,17,17,17,17,17,17,17,8,8,8,8,8,8,8,8,8,8,8,8,8,8,8,51,51,51,51,51,51,51,51,51,51,51,51,51,51,51,51,51,51,51,51,51,51,51,51,51,51,51,51,51,51,51,51,51,51,51,36,36,31,36,36,36,31,31,31,31,31
47,47,47,47,47,47,47,47,47,47,47,47,15,15,15,15,15,15,15,15,15,15,15,15,15,15,15,15,15,14,14,14,14,14,14,14,23,23,23,23,23,23,23,23,23,23,23,23,23,23,23,23,23,23,23,23,23,23,23,23,23,22,22,22,22,22,22,22,22,22,22,22,22,22,22,22,22,22,22,17,17,17,17,17,17,17,17,17,17,8,8,8,8,8,8,8,8,8,8,8,8,8,8,8,51,51,51,51,51,51,51,51,51,51,51,51,51,51,51,51,51,51,51,51,51,51,51,51,51,51,51,51,51,51,51,51,51,51,31,31,31,31,31,31,31,31,31,31,31,31
47,47,47,47,47,47,47,47,47,47,47,47,15,15,15,15,15,15,15,15,15,15,15,15,15,15,14,14,14,14,14,14,14,14,14,14,23,23,23,23,23,23,23,23,23,23,23,23,23,23,23,23,23,23,23,23,23,23,23,23,23,22,22,22,22,22,22,22,22,22,22,22,22,22,22,22,22,22,22,17,17,17,17,17,17,17,17,17,8,8,8,8,8,8,8,8,8,8,8,8,8,8,8,8,8,51,51,51,51,51,51,51,51,51,51,51,51,51,51,51,51,51,51,51,51,51,51,51,51,51,51,51,51,51,51,51,31,31,31,31,31,31,31,31,31,31,31,31,31,31
47,47,47,47,47,47,47,47,47,47,47,15,15,15,15,15,15,15,15,15,15,15,15,15,15,14,14,14,14,14,14,14,14,14,14,14,23,23,23,23,23,23,23,23,23,23,23,23,23,23,23,23,23,23,23,23,23,23,23,23,23,23,23,22,22,22,22,22,22,22,22,22,22,22,22,22,22,22,22,17,17,17,17,17,17,17,17,17,8,8,8,8,8,8,8,8,8,8,8,8,8,8,8,8,8,51,51,51,51,51,51,51,51,51,51,51,51,51,51,51,51,51,51,51,51,51,51,51,51,51,51,51,51,51,51,31,31,31,31,31,31,31,31,31,31,31,31,31,31,31
47,47,47,47,47,47,47,47,47,47,47,15,15,15,15,15,15,15,15,15,15,15,15,15,14,14,14,14,14,14,14,14,14,14,14,37,37,23,23,23,23,23,23,23,23,23,23,23,23,23,23,23,23,23,23,23,23,23,23,23,23,23,23,23,22,22,22,22,22,22,22,22,22,22,16,16,16,16,16,16,16,16,16,16,16,16,16,16,8,8,8,8,8,8,8,6,6,6,6,6,6,8,8,8,8,51,51,51,51,51,51,51,51,51,51,51,51,51,51,51,51,51,51,51,51,51,51,51,51,51,51,51,51,51,31,31,31,31,31,31,31,31,31,31,31,31,31,31,31,31
47,47,47,47,47,47,47,47,47,47,47,47,15,15,15,15,15,15,15,15,15,15,15,15,14,14,14,14,14,14,14,14,14,14,37,37,37,23,23,23,23,23,23,23,23,23,23,23,23,23,23,23,23,23,23,23,23,23,23,23,23,23,23,23,27,22,22,22,22,22,22,22,16,16,16,16,16,16,16,16,16,16,16,16,16,16,16,16,16,8,8,8,8,6,6,6,6,6,6,6,6,6,6,6,8,51,51,51,51,51,51,51,51,51,51,51,51,51,51,51,51,51,51,51,51,51,51,51,51,51,51,51,31,31,31,31,31,31,31,31,31,31,31,31,31,31,31,31,31,31
47,47,47,47,47,47,47,47,47,47,47,47,15,15,15,15,15,15,15,15,15,15,15,14,14,14,14,14,14,14,14,14,14,37,37,37,37,23,23,23,23,23,23,23,23,23,23,23,23,23,23,23,23,23,23,23,23,23,23,23,23,23,23,27,27,27,22,22,22,22,16,16,16,16,16,16,16,16,16,16,16,16,16,16,16,16,16,16,16,16,6,6,6,6,6,6,6,6,6,6,6,6,6,6,6,51,51,51,51,51,51,51,51,51,51,51,51,51,51,51,51,51,51,51,51,51,51,51,51,51,51,51,31,31,31,31,31,31,31,31,31,31,31,31,31,31,31,31,31,31
47,47,47,47,47,47,47,47,47,47,47,47,15,15,15,15,15,15,15,15,14,14,14,14,14,14,14,14,14,14,14,14,14,37,37,37,37,37,23,23,23,23,23,23,23,23,23,23,23,23,23,23,23,23,23,23,23,23,23,23,23,23,27,27,27,27,27,27,22,16,16,16,16,16,16,16,16,16,16,16,16,16,16,16,16,16,16,16,16,6,6,6,6,6,6,6,6,6,6,6,6,6,6,6,6,51,51,51,51,51,51,51,51,51,51,51,51,51,51,51,51,51,51,51,51,51,51,51,51,51,51,51,31,31,31,31,31,31,31,31,31,31,31,31,31,31,31,31,31,31
47,47,47,47,47,47,47,47,47,47,47,47,15,15,15,15,15,15,14,14,14,14,14,14,14,14,14,14,14,14,14,14,37,37,37,37,37,37,37,23,23,23,23,23,23,23,23,23,23,23,23,23,23,23,23,23,23,23,23,23,23,23,27,27,27,27,27,27,27,16,16,16,16,16,16,16,16,16,16,16,16,16,16,16,16,16,16,16,6,6,6,6,6,6,6,6,6,6,6,6,6,6,6,6,6,51,51,51,51,51,51,51,51,51,51,51,51,51,51,51,51,51,51,51,51,51,51,51,51,51,51,51,31,31,31,31,31,31,31,31,31,31,31,31,31,31,31,31,31,31
47,47,47,47,47,47,47,47,47,47,47,47,15,15,15,15,15,14,14,14,14,14,14,14,14,14,14,14,14,14,14,37,37,37,37,37,37,37,37,23,23,23,23,23,23,23,23,23,23,23,23,23,23,23,23,23,23,23,23,23,38,38,27,27,27,27,27,27,27,27,27,27,27,16,16,16,16,16,16,16,16,16,16,16,16,16,16,16,6,6,6,6,6,6,6,6,6,6,6,6,6,6,6,6,6,6,51,51,51,51,51,51,51,51,51,51,51,51,51,51,51,51,51,51,51,51,51,51,31,31,31,31,31,31,31,31,31,31,31,31,31,31,31,31,31,31,31,31,31,31
47,47,47,47,47,47,47,47,47,47,47,47,47,15,15,15,14,14,14,14,14,14,14,14,14,14,14,14,14,14,37,37,37,37,37,37,37,37,37,23,23,23,23,23,23,23,23,23,23,23,23,23,23,23,23,23,23,23,38,38,38,38,38,27,27,27,27,27,27,27,27,27,27,27,16,16,16,16,16,16,16,16,16,16,16,16,16,16,6,6,6,6,6,6,6,6,6,6,6,6,6,6,6,6,6,6,51,51,51,51,51,51,51,51,51,51,51,51,51,51,51,51,51,51,51,51,51,51,31,31,31,31,31,31,31,31,31,31,31,31,31,31,31,31,31,31,31,31,31,31
47,47,47,47,47,47,47,47,47,47,47,47,52,15,15,14,14,14,14,14,14,14,14,14,14,14,14,14,14,37,37,37,37,37,37,37,37,37,37,37,23,23,23,23,23,23,23,23,23,23,23,23,23,23,23,23,38,38,38,38,38,38,38,27,27,27,27,27,27,27,27,27,27,27,27,16,16,16,16,16,16,16,16,16,16,16,16,16,6,6,6,6,6,6,6,6,6,6,6,6,6,6,6,6,6,6,51,51,51,51,51,51,51,51,51,51,51,51,51,51,51,51,51,51,51,51,51,51,31,31,31,31,31,31,31,31,31,31,31,31,31,31,31,31,31,31,31,31,31,31
47,47,47,47,47,47,47,47,52,52,52,52,52,52,14,14,14,14,14,14,14,14,14,14,14,14,14,14,37,37,37,37,37,37,37,37,37,37,37,37,23,23,23,23,23,23,23,23,23,23,23,23,38,38,38,38,38,38,38,38,38,38,38,27,27,27,27,27,27,27,27,27,27,27,27,27,16,16,16,16,16,16,16,16,16,16,16,16,16,6,6,6,6,6,6,6,6,6,6,6,6,6,6,6,6,51,51,51,51,51,51,51,51,51,51,51,51,51,51,51,51,51,51,51,51,51,51,51,31,31,31,31,31,31,31,31,31,31,31,31,31,31,31,31,31,31,31,31,31,31
47,47,47,47,47,47,52,52,52,52,52,52,52,52,52,14,14,14,14,14,14,14,14,14,14,14,37,37,37,37,37,37,37,37,37,37,37,37,37,37,23,23,23,23,23,23,23,23,23,23,38,38,38,38,38,38,38,38,38,38,38,38,38,38,27,27,27,27,27,27,27,27,27,27,27,27,27,16,16,16,16,16,16,16,16,16,16,16,16,16,6,6,6,6,6,6,6,6,6,6,6,6,6,6,6,6,6,51,51,51,51,51,51,51,51,51,51,51,51,51,51,10,10,10,51,51,51,51,31,31,31,31,31,31,31,31,31,31,31,31,31,31,31,31,31,31,31,31,31,31
47,47,52,52,52,52,52,52,52,52,52,52,52,52,52,52,14,14,14,14,14,14,14,14,14,14,37,37,37,37,37,37,37,37,37,37,37,37,37,37,23,23,23,23,23,23,23,23,23,38,38,38,38,38,38,38,38,38,38,38,38,38,38,38,27,27,27,27,27,27,27,27,27,27,27,27,27,27,27,16,16,16,16,16,16,16,16,16,16,16,6,6,6,6,6,6,6,6,6,6,6,6,6,6,6,6,6,6,51,51,10,10,10,10,51,51,51,51,51,51,10,10,10,10,10,51,51,51,31,31,31,31,31,31,31,31,31,31,31,31,31,31,31,31,31,31,31,31,31,31
52,52,52,52,52,52,52,52,52,52,52,52,52,52,52,52,14,14,14,14,14,14,14,14,14,37,37,37,37,37,37,37,37,37,37,37,37,37,37,37,23,23,23,23,23,23,23,38,38,38,38,38,38,38,38,38,38,38,38,38,38,38,38,38,27,27,27,27,27,27,27,27,27,27,27,27,27,27,27,27,16,16,16,16,16,16,16,16,16,16,6,6,6,6,6,6,6,6,6,6,6,6,6,6,6,6,6,10,10,10,10,10,10,10,10,10,10,51,10,10,10,10,10,10,10,10,51,51,31,31,31,31,31,31,31,31,31,31,31,31,31,31,31,31,31,31,31,31,31,31
52,52,52,52,52,52,52,52,52,52,52,52,52,52,52,52,14,14,14,14,14,14,14,14,14,37,37,37,37,37,37,37,37,37,37,37,37,37,37,37,37,23,23,23,23,23,38,38,38,38,38,38,38,38,38,38,38,38,38,38,38,38,38,38,27,27,27,27,27,27,27,27,27,27,27,27,27,27,27,27,27,27,16,16,16,16,16,16,16,16,6,6,6,6,6,6,6,6,6,6,6,6,6,6,6,6,10,10,10,10,10,10,10,10,10,10,10,10,10,10,10,10,10,10,10,10,10,10,31,31,31,31,31,31,31,31,31,31,31,31,31,31,31,31,31,31,31,31,31,31
52,52,52,52,52,52,52,52,52,52,52,52,52,52,52,52,52,14,14,14,14,14,14,14,14,37,37,37,37,37,37,37,37,37,37,37,37,37,37,37,21,21,23,23,23,38,38,38,38,38,38,38,38,38,38,38,38,38,38,38,38,38,38,38,27,27,27,27,27,27,27,27,27,27,27,27,27,27,27,27,27,27,27,16,16,16,16,16,16,6,6,6,6,6,6,6,6,6,6,6,6,6,6,6,6,10,10,10,10,10,10,10,10,10,10,10,10,10,10,10,10,10,10,10,10,10,10,10,9,9,31,31,31,31,31,31,31,31,31,31,31,31,31,31,31,31,31,31,31,31
52,52,52,52,52,52,52,52,52,52,52,52,52,52,52,52,52,52,14,14,14,14,14,14,14,37,37,37,37,37,37,37,37,37,37,37,37,37,37,21,21,21,21,21,38,38,38,38,38,38,38,38,38,38,38,38,38,38,38,38,38,38,38,38,27,27,27,27,27,27,27,27,27,27,27,27,27,27,27,27,27,27,27,16,16,16,16,16,16,6,6,6,6,6,6,6,6,6,6,6,6,6,6,10,10,10,10,10,10,10,10,10,10,10,10,10,10,10,10,10,10,10,10,10,10,10,10,9,9,9,9,31,31,31,31,31,31,31,31,31,31,31,31,31,31,31,31,31,31,31
52,52,52,52,52,52,52,52,52,52,52,52,52,52,52,52,52,52,14,14,14,14,14,14,14,37,37,37,37,37,37,37,37,37,37,37,37,37,21,21,21,21,21,21,21,38,38,38,38,38,38,38,38,38,38,38,38,38,38,38,38,38,38,38,27,27,27,27,27,27,27,27,27,27,27,27,27,27,27,27,27,27,27,27,16,16,16,16,6,6,6,6,6,6,6,6,6,6,6,6,45,45,45,10,10,10,10,10,10,10,10,10,10,10,10,10,10,10,10,10,10,10,10,10,10,10,9,9,9,9,9,9,31,31,31,31,31,31,31,31,31,31,31,31,31,31,31,31,31,31
52,52,52,52,52,52,52,52,52,52,52,52,52,52,52,52,52,52,52,14,14,14,14,14,37,37,37,37,37,37,37,37,37,37,37,37,37,37,21,21,21,21,21,21,21,38,38,38,38,38,38,38,38,38,38,38,38,38,38,38,38,38,38,38,27,27,27,27,27,27,27,27,27,27,27,27,27,27,27,27,27,27,27,27,27,16,16,16,6,6,6,6,45,45,45,45,45,45,45,45,45,45,45,45,10,10,10,10,10,10,10,10,10,10,10,10,10,10,10,10,10,10,10,10,10,9,9,9,9,9,9,9,9,31,31,31,31,31,31,31,31,31,31,31,31,31,31,31,31,31
52,52,52,52,52,52,52,52,52,52,52,52,52,52,52,52,52,52,52,52,14,14,14,37,37,37,37,37,37,37,37,37,37,37,21,21,21,21,21,21,21,21,21,21,21,38,38,38,38,38,38,38,38,38,38,38,38,38,38,38,38,38,38,38,27,27,27,27,27,27,27,27,27,27,27,27,27,27,27,27,27,27,27,27,27,27,16,16,6,6,6,45,45,45,45,45,45,45,45,45,45,45,45,45,45,10,10,10,10,10,10,10,10,10,10,10,10,10,10,10,10,10,10,10,9,9,9,9,9,9,9,9,9,31,31,31,31,31,31,31,31,31,31,31,31,31,31,31,31,31
52,52,52,52,52,52,52,52,52,52,52,52,52,52,52,52,52,52,52,52,52,14,37,37,37,37,37,37,37,37,21,21,21,21,21,21,21,21,21,21,21,21,21,21,21,21,38,38,38,38,38,38,38,38,38,38,38,38,38,38,38,38,38,38,27,27,27,27,27,27,27,27,27,27,27,27,27,27,27,27,27,27,27,27,27,27,27,16,45,45,45,45,45,45,45,45,45,45,45,45,45,45,45,45,45,45,10,10,10,10,10,10,10,10,10,10,10,10,10,10,10,10,10,10,9,9,9,9,9,9,9,9,9,31,31,31,31,31,31,31,31,31,31,31,31,31,31,31,31,31
52,52,52,52,52,52,52,52,52,52,52,52,52,52,52,52,52,52,52,52,52,37,37,37,37,37,37,37,37,21,21,21,21,21,21,21,21,21,21,21,21,21,21,21,21,21,21,38,38,38,38,38,38,38,38,38,38,38,38,38,38,38,38,38,27,27,27,27,27,27,27,27,27,27,27,27,27,27,27,27,27,27,27,27,27,27,27,45,45,45,45,45,45,45,45,45,45,45,45,45,45,45,45,45,45,45,45,10,10,10,10,10,10,10,10,10,10,10,10,10,10,10,10,9,9,9,9,9,9,9,9,9,9,31,31,31,31,31,31,31,31,31,31,31,31,31,31,31,31,31
52,52,52,52,52,52,52,52,52,52,52,52,52,52,52,52,52,52,52,52,52,37,37,37,37,37,37,37,21,21,21,21,21,21,21,21,21,21,21,21,21,21,21,21,21,21,21,38,38,38,38,38,38,38,38,38,38,38,38,38,38,38,38,38,27,27,27,27,27,27,27,27,27,27,27,27,27,27,27,27,27,27,27,27,27,27,45,45,45,45,45,45,45,45,45,45,45,45,45,45,45,45,45,45,45,45,45,10,10,10,10,10,10,10,10,10,10,10,10,10,10,10,9,9,9,9,9,9,9,9,9,9,9,31,31,31,31,31,31,31,31,31,31,31,31,31,31,31,31,31
52,52,52,52,52,52,52,52,52,52,52,52,52,52,52,52,52,52,52,52,52,37,37,37,37,21,21,21,21,21,21,21,21,21,21,21,21,21,21,21,21,21,21,21,21,21,21,38,38,38,38,38,38,38,38,38,38,38,38,38,38,38,38,38,38,27,27,27,27,27,27,27,27,27,27,27,27,27,27,27,27,27,27,27,27,27,45,45,45,45,45,45,45,45,45,45,45,45,45,45,45,45,45,45,45,45,45,45,10,10,10,10,10,10,10,10,10,10,10,10,10,10,9,9,9,9,9,9,9,9,9,9,9,31,31,31,31,31,31,31,31,31,31,31,31,31,31,31,31,31
52,52,52,52,52,52,52,52,52,52,52,52,52,52,52,52,52,52,52,52,52,37,37,37,37,21,21,21,21,21,21,21,21,21,21,21,21,21,21,21,21,21,21,21,21,21,21,38,38,38,38,38,38,38,38,38,38,38,38,38,38,38,38,38,38,27,27,27,27,27,27,27,27,27,27,27,27,27,27,27,27,27,27,27,27,27,45,45,45,45,45,45,45,45,45,45,45,45,45,45,45,45,45,45,45,45,45,45,10,10,10,10,10,10,10,10,10,10,10,10,10,9,9,9,9,9,9,9,9,9,9,9,9,31,31,31,31,31,31,31,31,31,31,31,31,31,31,31,31,31
52,52,52,52,52,52,52,52,52,52,52,52,52,52,52,52,52,52,52,52,41,41,37,37,21,21,21,21,21,21,21,21,21,21,21,21,21,21,21,21,21,21,21,21,21,21,21,21,38,38,38,38,38,38,38,38,38,38,38,38,38,38,38,38,38,27,27,27,27,27,27,27,27,27,27,27,27,27,27,27,27,27,27,27,27,27,45,45,45,45,45,45,45,45,45,45,45,45,45,45,45,45,45,45,45,45,45,45,10,10,10,10,10,10,10,10,10,10,10,10,10,9,9,9,9,9,9,9,9,9,9,9,9,31,31,31,31,31,31,31,31,31,31,31,31,31,31,31,31,31
52,52,52,52,52,52,52,52,52,52,52,52,52,52,52,52,52,52,52,41,41,41,41,41,21,21,21,21,21,21,21,21,21,21,21,21,21,21,21,21,21,21,21,21,21,21,21,21,21,38,38,38,38,38,38,38,38,38,38,38,38,38,38,38,27,27,27,27,27,27,27,27,27,27,27,27,27,27,27,27,27,27,27,27,27,27,45,45,45,45,45,45,45,45,45,45,45,45,45,45,45,45,45,45,45,45,45,45,10,10,10,10,10,10,10,10,10,10,10,10,9,9,9,9,9,9,9,9,9,9,9,9,9,31,31,31,31,31,31,31,31,31,31,31,31,31,31,31,31,31
52,52,52,52,52,52,52,52,52,52,52,52,52,52,52,52,52,52,41,41,41,41,41,41,21,21,21,21,21,21,21,21,21,21,21,21,21,21,21,21,21,21,21,21,21,21,21,21,21,21,38,38,38,38,38,38,38,38,38,38,38,38,38,27,27,27,27,27,27,27,27,27,27,27,27,27,27,27,27,27,27,27,27,27,27,27,45,45,45,45,45,45,45,45,45,45,45,45,45,45,45,45,45,45,45,45,45,45,10,10,10,10,10,10,10,10,10,10,10,9,9,9,9,9,9,9,9,9,9,9,9,9,42,42,42,31,31,31,31,31,31,31,31,31,31,31,31,31,31,31
52,52,52,52,52,52,52,52,52,52,52,52,52,52,41,41,41,41,41,41,41,41,41,41,41,21,21,21,21,21,21,21,21,21,21,21,21,21,21,21,21,21,21,21,21,21,21,21,21,21,38,38,38,38,38,38,38,38,38,38,38,38,27,27,27,27,27,27,27,27,27,27,27,27,27,27,27,27,27,27,27,27,27,27,27,27,45,45,45,45,45,45,45,45,45,45,45,45,45,45,45,45,45,45,45,45,45,45,45,10,10,10,10,10,10,10,10,10,10,9,9,9,9,9,9,9,9,9,9,9,9,9,42,42,42,42,31,31,31,31,31,31,31,31,31,31,31,31,31,31
52,52,52,52,52,52,52,52,52,41,41,41,41,41,41,41,41,41,41,41,41,41,41,41,41,21,21,21,21,21,21,21,21,21,21,21,21,21,21,21,21,21,21,21,21,21,21,21,21,21,38,38,38,38,38,38,38,38,38,38,38,38,27,27,27,27,27,27,27,27,27,27,27,27,27,27,27,27,27,27,27,27,27,27,27,45,45,45,45,45,45,45,45,45,45,45,45,45,45,45,45,45,45,45,45,45,45,45,45,45,10,10,10,10,10,10,10,10,10,9,9,9,9,9,9,9,9,9,9,9,9,9,42,42,42,42,42,42,31,31,31,31,19,19,19,19,19,19,19,19
52,52,52,52,52,52,52,41,41,41,41,41,41,41,41,41,41,41,41,41,41,41,41,41,41,41,21,21,21,21,21,21,21,21,21,21,21,21,21,21,21,21,21,21,21,21,21,21,21,21,38,38,38,38,38,38,38,38,38,38,38,38,27,27,27,27,27,27,27,27,27,27,27,27,27,27,27,27,27,27,27,27,27,27,45,45,45,45,45,45,45,45,45,45,45,45,45,45,45,45,45,45,45,45,45,45,45,45,45,45,10,10,10,10,10,10,10,10,10,9,9,9,9,9,9,9,9,9,9,9,9,9,42,42,42,42,42,42,42,31,19,19,19,19,19,19,19,19,19,19
52,52,52,52,52,41,41,41,41,41,41,41,41,41,41,41,41,41,41,41,41,41,41,41,41,41,41,21,21,21,21,21,21,21,21,21,21,21,21,21,21,21,21,21,21,21,21,21,21,21,21,38,38,38,38,38,38,38,38,38,38,27,27,27,27,27,27,27,27,27,27,27,27,27,27,27,27,27,27,27,27,27,27,27,45,45,45,45,45,45,45,45,45,45,45,45,45,45,45,45,45,45,45,45,45,45,45,45,45,45,10,10,10,10,10,10,10,10,9,9,9,9,9,9,9,9,9,9,9,9,9,9,42,42,42,42,42,42,42,42,19,19,19,19,19,19,19,19,19,19
52,52,52,41,41,41,41,41,41,41,41,41,41,41,41,41,41,41,41,41,41,41,41,41,41,41,41,41,21,21,21,21,21,21,21,21,21,21,21,21,21,21,21,21,21,21,21,21,21,21,21,21,38,38,38,38,38,38,38,38,38,27,27,27,27,27,27,27,27,27,27,27,27,27,27,27,27,27,27,27,27,27,27,45,45,45,45,45,45,45,45,45,45,45,45,45,45,45,45,45,45,45,45,45,45,45,45,45,45,45,45,10,10,10,10,10,10,10,9,9,9,9,9,9,9,9,9,9,9,9,9,9,42,42,42,42,42,42,42,42,19,19,19,19,19,19,19,19,19,19
52,41,41,41,41,41,41,41,41,41,41,41,41,41,41,41,41,41,41,41,41,41,41,41,41,41,41,41,21,21,21,21,21,21,21,21,21,21,21,21,21,21,21,21,21,21,21,21,21,21,21,21,21,38,38,38,38,38,38,38,38,38,27,27,27,27,27,27,27,27,27,27,27,27,27,27,27,27,27,27,27,45,45,45,45,45,45,45,45,45,45,45,45,45,45,45,45,45,45,45,45,45,45,45,45,45,45,45,45,45,45,45,10,10,10,10,10,9,9,9,9,9,9,9,9,9,9,9,9,9,9,9,42,42,42,42,42,42,42,42,42,19,19,19,19,19,19,19,19,19
41,41,41,41,41,41,41,41,41,41,41,41,41,41,41,41,41,41,41,41,41,41,41,41,41,41,41,41,41,21,21,21,21,21,21,21,21,21,21,21,21,21,21,21,21,21,21,21,21,21,21,21,21,21,38,38,38,38,38,38,38,38,38,27,27,27,27,27,27,27,27,27,27,27,27,27,27,27,27,27,27,45,45,45,45,45,45,45,45,45,45,45,45,45,45,45,45,45,45,45,45,45,45,45,45,45,45,45,45,45,45,45,45,10,10,10,10,9,9,9,9,9,9,9,9,9,9,9,9,9,9,9,42,42,42,42,42,42,42,42,42,19,19,19,19,19,19,19,19,19
41,41,41,41,41,41,41,41,41,41,41,41,41,41,41,41,41,41,41,41,41,41,41,41,41,41,41,41,41,41,21,21,21,21,21,21,21,21,21,21,21,21,21,21,21,21,21,21,21,21,21,21,21,21,38,38,38,38,38,38,38,38,38,38,27,27,27,27,27,27,27,27,27,27,27,27,27,27,27,27,45,45,45,45,45,45,45,45,45,45,45,45,45,45,45,45,45,45,45,45,45,45,45,45,45,45,45,45,45,45,45,45,45,45,10,10,9,9,9,9,9,9,9,9,9,9,9,9,9,9,9,42,42,42,42,42,42,42,42,42,42,42,19,19,19,19,19,19,19,19
41,41,41,41,41,41,41,41,41,41,41,41,41,41,41,41,41,41,41,41,41,41,41,41,41,41,41,41,41,41,41,21,21,21,21,21,21,21,21,21,21,21,21,21,21,21,21,21,21,21,21,21,21,21,21,38,38,38,38,38,38,38,38,38,38,27,27,27,27,27,27,27,27,27,27,27,27,27,27,27,45,45,45,45,45,45,45,45,45,45,45,45,45,45,45,45,45,45,45,45,45,45,45,45,45,45,45,45,45,45,45,45,45,45,9,9,9,9,9,9,9,9,9,9,9,9,9,9,9,9,9,42,42,42,42,42,42,42,42,42,42,42,19,19,19,19,19,19,19,19
41,41,41,41,41,41,41,41,41,41,41,41,41,41,41,41,41,41,41,41,41,41,41,41,41,41,41,41,41,41,41,21,21,21,21,21,21,21,21,21,21,21,21,21,21,21,21,21,21,21,21,21,21,21,21,38,38,38,38,38,38,38,38,38,38,38,27,27,27,27,27,27,27,27,27,27,27,27,27,45,45,45,45,45,45,45,45,45,45,45,45,45,45,45,45,45,45,45,45,45,45,45,45,45,45,45,45,45,45,45,45,45,45,45,9,9,9,9,9,9,9,9,9,9,9,9,9,9,9,9,9,42,42,42,42,42,42,42,42,42,42,42,19,19,19,19,19,19,19,19
41,41,41,41,41,41,41,41,41,41,41,41,41,41,41,41,41,41,41,41,41,41,41,41,41,41,41,41,41,41,41,21,21,21,21,21,21,21,21,21,21,21,21,21,21,21,21,21,21,21,21,21,21,21,21,21,38,38,38,38,38,38,38,38,38,38,38,27,27,27,27,27,27,27,27,27,27,27,27,45,45,45,45,45,45,45,45,45,45,45,45,45,45,45,45,45,45,45,45,45,45,45,45,45,45,45,45,45,45,45,45,45,45,45,9,9,9,9,9,9,9,9,9,9,9,9,9,9,9,9,42,42,42,42,42,42,42,42,42,42,42,42,42,19,19,19,19,19,19,19
41,41,41,41,41,41,41,41,41,41,41,41,41,41,41,41,41,41,41,41,41,41,41,41,41,41,41,41,41,41,41,41,21,21,21,21,21,21,21,21,21,21,21,21,21,21,21,21,21,21,21,21,21,21,21,21,21,38,38,38,38,38,38,38,38,38,38,38,27,27,27,27,27,27,27,27,27,27,45,45,45,45,45,45,45,45,45,45,45,45,45,45,45,45,45,45,45,45,45,45,45,45,45,45,45,45,45,45,45,45,45,45,45,45,45,9,9,9,9,9,9,9,9,9,9,9,9,9,9,42,42,42,42,42,42,42,42,42,42,42,42,42,42,19,19,19,19,19,19,19
41,41,41,41,41,41,41,41,41,41,41,41,41,41,41,41,41,41,41,41,41,41,41,41,41,41,41,41,41,41,41,41,41,21,21,21,21,21,21,21,21,21,21,21,21,21,21,21,21,21,21,21,21,21,21,21,21,38,38,38,38,38,38,38,38,38,38,38,38,27,27,27,27,27,27,27,27,27,45,45,45,45,45,45,45,45,45,45,45,45,45,45,45,45,45,45,45,45,45,45,45,45,45,45,45,45,45,45,45,45,45,45,45,45,45,9,9,9,9,9,9,9,9,9,9,9,9,9,9,42,42,42,42,42,42,42,42,42,42,42,42,42,42,42,19,19,19,19,19,19
41,41,41,41,41,41,41,41,41,41,41,41,41,41,41,41,41,41,41,41,41,41,41,41,41,41,41,41,41,41,41,41,41,41,21,21,21,21,21,21,21,21,21,21,21,21,21,21,21,21,21,21,21,21,21,21,21,38,38,38,38,38,38,38,38,38,38,38,38,27,27,27,27,27,27,27,27,27,45,45,45,45,45,45,45,45,45,45,45,45,45,45,45,45,45,45,45,45,45,45,45,45,45,45,45,45,45,45,45,45,45,45,45,45,45,9,9,9,9,9,9,9,9,9,9,9,9,9,42,42,42,42,42,42,42,42,42,42,42,42,42,42,42,42,19,19,19,19,19,19
41,41,41,41,41,41,41,41,41,41,41,41,41,41,41,41,41,41,41,41,41,41,41,41,41,41,41,41,41,41,41,41,41,41,41,21,21,21,21,21,21,21,21,21,21,21,21,21,21,21,21,21,21,21,21,21,21,38,38,38,38,38,38,38,38,38,38,38,27,27,27,27,27,27,27,27,27,45,45,45,45,45,45,45,45,45,45,45,45,45,45,45,45,45,45,45,45,45,45,45,45,45,45,45,45,45,45,45,45,45,45,45,45,45,9,9,9,9,9,9,9,9,9,9,9,9,9,9,42,42,42,42,42,42,42,42,42,42,42,42,42,42,42,19,19,19,19,19,19,19
41,41,41,41,41,41,41,41,41,41,41,41,41,41,41,41,41,41,41,41,41,41,41,41,41,41,41,41,41,41,41,41,41,41,41,41,21,21,21,21,21,21,21,21,21,21,21,21,21,21,21,21,21,21,21,21,21,21,38,38,38,38,38,38,38,38,38,38,27,27,27,27,27,27,27,27,27,45,45,45,45,45,45,45,45,45,45,45,45,45,45,45,45,45,45,45,45,45,45,45,45,45,45,45,45,45,45,45,45,45,45,45,45,45,9,9,9,9,9,9,9,9,9,9,9,9,9,9,42,42,42,42,42,42,42,42,42,42,42,42,42,42,42,19,19,19,19,19,19,19
41,41,41,41,41,41,41,41,41,41,41,41,41,41,41,41,41,41,41,41,41,41,41,41,41,41,41,41,41,41,41,41,41,41,41,41,21,21,21,21,21,21,21,21,21,21,21,21,21,21,21,21,21,21,21,21,21,21,38,38,38,38,38,38,38,38,38,38,27,27,27,27,27,27,27,27,45,45,45,45,45,45,45,45,45,45,45,45,45,45,45,45,45,45,45,45,45,45,45,45,45,45,45,45,45,45,45,45,45,45,45,45,45,45,9,9,9,9,9,9,9,9,9,9,9,9,9,42,42,42,42,42,42,42,42,42,42,42,42,42,42,42,42,19,19,19,19,19,19,19
