4,4,4,4,4,4,31,31,31,31,31,31,31,31,31,31,31,31,31,31,31,31,31,37,37,37,37,28,28,28,28,28,28,28,28,28,28,28,28,28,28,28,28,28,28,28,28,7,7,7,7,7,7,7,7,7,7,7,7,7,7,7,7,7,7,7,7,7,7,7,7,7,7,7,7,40,40,40,40,40,40,40,40,40,40,40,40,40,40,40,40,40,40,40,40,40,40,40,40,41,41,41,41,41,41,41,41,41,41,41,41,41,41,41,41,41,41,41,41,41,41,41,41,41,41,11,11,11,11,11,11,11,11,11,11,11,11,11,11,16,16,16,16,16,16,16,16,16,16,16
4,4,4,4,4,4,4,31,31,31,31,31,31,31,31,31,31,31,31,31,31,31,31,37,37,37,37,28,28,28,28,28,28,28,28,28,28,28,28,28,28,28,28,28,28,28,28,7,7,7,7,7,7,7,7,7,7,7,7,7,7,7,7,7,7,7,7,7,7,7,7,7,7,7,7,40,40,40,40,40,40,40,40,40,40,40,40,40,40,40,40,40,40,40,40,40,40,40,40,41,41,41,41,41,41,41,41,41,41,41,41,41,41,41,41,41,41,41,41,41,41,41,41,41,11,11,11,11,11,11,11,11,11,11,11,11,11,11,11,16,16,16,16,16,16,16,16,16,16,16
4,4,4,4,4,4,4,4,4,4,31,31,31,31,31,31,31,31,31,31,31,31,31,37,37,37,37,37,28,28,28,28,28,28,28,28,28,28,28,28,28,28,28,28,28,28,28,7,7,7,7,7,7,7,7,7,7,7,7,7,7,7,7,7,7,7,7,7,7,7,7,7,7,7,7,7,40,40,40,40,40,40,40,40,40,40,40,40,40,40,40,40,40,40,40,40,40,40,40,40,41,41,41,41,41,41,41,41,41,41,41,41,41,41,41,41,41,41,41,41,41,41,41,11,11,11,11,11,11,11,11,11,11,11,11,11,11,11,11,16,16,16,16,16,16,16,16,16,16,16
4,4,4,4,4,4,4,4,4,4,4,31,31,31,31,31,31,31,31,31,31,31,31,37,37,37,37,37,37,28,28,28,28,28,28,28,28,28,28,28,28,28,28,28,28,28,28,7,7,7,7,7,7,7,7,7,7,7,7,7,7,7,7,7,7,7,7,7,7,7,7,7,7,7,7,7,40,40,40,40,40,40,40,40,40,40,40,40,40,40,40,40,40,40,40,40,40,40,40,40,41,41,41,41,41,41,41,41,41,41,41,41,41,41,41,41,41,41,41,41,41,11,11,11,11,11,11,11,11,11,11,11,11,11,11,11,11,11,11,16,16,16,16,16,16,16,16,16,16,16
4,4,4,4,4,4,4,4,4,4,4,4,31,31,31,31,31,31,31,31,31,31,31,37,37,37,37,37,37,37,28,28,28,28,28,28,28,28,28,28,28,28,28,28,28,28,28,7,7,7,7,7,7,7,7,7,7,7,7,7,7,7,7,7,7,7,7,7,7,7,7,7,7,7,7,7,40,40,40,40,40,40,40,40,40,40,40,40,40,40,40,40,40,40,40,40,40,40,40,40,41,41,41,41,41,41,41,41,41,41,41,41,41,41,41,41,41,41,41,41,11,11,11,11,11,11,11,11,11,11,11,11,11,11,11,11,11,11,11,16,16,16,16,16,16,16,16,16,16,16
4,4,4,4,4,4,4,4,4,4,4,4,4,31,31,31,31,31,31,31,31,31,31,37,37,37,37,37,37,37,28,28,28,28,28,28,28,28,28,28,28,28,28,28,28,28,28,7,7,7,7,7,7,7,7,7,7,7,7,7,7,7,7,7,7,7,7,7,7,7,7,7,7,7,7,40,40,40,40,40,40,40,40,40,40,40,40,40,40,40,40,40,40,40,40,40,40,40,40,40,41,41,41,41,41,41,41,41,41,41,41,41,41,41,41,41,41,41,41,11,11,11,11,11,11,11,11,11,11,11,11,11,11,11,11,11,11,11,16,16,16,16,16,16,16,16,16,16,16,16
4,4,4,4,4,4,4,4,4,4,4,4,4,4,4,31,31,31,31,31,31,37,37,37,37,37,37,37,37,37,28,28,28,28,28,28,28,28,28,28,28,28,28,28,28,28,28,7,7,7,7,7,7,7,7,7,7,7,7,7,7,7,7,7,7,7,7,7,7,7,7,7,7,7,7,40,40,40,40,40,40,40,40,40,40,40,40,40,40,40,40,40,40,40,40,40,40,40,40,40,40,41,41,41,41,41,41,41,41,41,41,41,41,41,41,41,41,11,11,11,11,11,11,11,11,11,11,11,11,11,11,11,11,11,11,11,11,16,16,16,16,16,16,16,16,16,16,16,16,16
4,4,4,4,4,4,4,4,4,4,4,4,4,4,4,4,4,31,31,31,37,37,37,37,37,37,37,37,37,37,37,28,28,28,28,28,28,28,28,28,28,28,28,28,28,28,28,7,7,7,7,7,7,7,7,7,7,7,7,7,7,7,7,7,7,7,7,7,7,7,7,7,7,7,7,40,40,40,40,40,40,40,40,40,40,40,40,40,40,40,40,40,40,40,40,40,40,40,40,40,40,41,41,41,41,41,41,41,41,41,41,41,41,41,41,41,41,11,11,11,11,11,11,11,11,11,11,11,11,11,11,11,11,11,11,11,16,16,16,16,16,16,16,16,16,16,16,16,16,16
4,4,4,4,4,4,4,4,4,4,4,4,4,4,4,4,4,4,31,31,37,37,37,37,37,37,37,37,37,37,37,37,28,28,28,28,28,28,28,28,28,28,28,28,28,28,28,28,7,7,7,7,7,7,7,7,7,7,7,7,7,7,7,7,7,7,7,7,7,7,7,7,7,7,7,40,40,40,40,40,40,40,40,40,40,40,40,40,40,40,40,40,40,40,40,40,40,40,40,40,41,41,41,41,41,41,41,41,41,41,41,41,41,41,41,41,11,11,11,11,11,11,11,11,11,11,11,11,11,11,11,11,11,11,11,11,16,16,16,16,16,16,16,16,16,16,16,16,16,16
4,4,4,4,4,4,4,4,4,4,4,34,34,34,34,4,4,4,4,37,37,37,37,37,37,37,37,37,37,37,37,37,37,28,28,28,28,28,28,28,28,28,28,28,28,28,28,28,7,7,7,7,7,7,7,7,7,7,7,7,7,7,7,7,7,7,7,7,7,7,7,7,7,7,7,40,40,40,40,40,40,40,40,40,40,40,40,40,40,40,40,40,40,40,40,40,40,40,40,40,40,41,41,41,41,41,41,41,41,41,41,41,41,41,41,11,11,11,11,11,11,11,11,11,11,11,11,11,11,11,11,11,11,11,11,16,16,16,16,16,16,16,16,16,16,16,16,16,16,16
4,4,4,4,4,4,4,4,4,34,34,34,34,34,34,34,4,4,34,4,37,37,37,37,37,37,37,37,37,37,37,37,37,28,28,28,28,28,28,28,28,28,28,28,28,28,28,7,7,7,7,7,7,7,7,7,7,7,7,7,7,7,7,7,7,7,7,7,7,7,7,7,7,7,7,40,40,40,40,40,40,40,40,40,40,40,40,40,40,40,40,40,40,40,40,40,40,40,40,40,40,41,41,41,41,41,41,41,41,41,41,41,41,41,11,11,11,11,11,11,11,11,11,11,11,11,11,11,11,11,11,11,11,11,11,11,16,16,16,16,16,16,16,16,16,16,16,16,16,16
4,4,4,4,4,4,4,34,34,34,34,34,34,34,34,34,34,34,34,34,37,37,37,37,37,37,37,37,37,37,37,37,37,37,28,28,28,28,28,28,28,28,28,28,28,28,28,7,7,7,7,7,7,7,7,7,7,7,7,7,7,7,7,7,7,7,7,7,7,7,7,7,7,7,7,40,40,40,40,40,40,40,40,40,40,40,40,40,40,40,40,40,40,40,40,40,40,40,40,40,40,41,41,41,41,41,41,41,41,41,41,41,41,11,11,11,11,11,11,11,11,11,11,11,11,11,11,11,11,11,11,11,11,11,11,11,16,16,16,16,16,16,16,16,16,16,16,16,16,16
4,4,4,4,4,4,4,34,34,34,34,34,34,34,34,34,34,34,34,34,34,37,37,37,37,37,37,37,37,37,37,37,37,37,37,28,28,28,28,28,28,28,28,28,28,28,28,7,7,7,7,7,7,7,7,7,7,7,7,7,7,7,7,7,7,7,7,7,7,7,7,7,7,7,7,40,40,40,40,40,40,40,40,40,40,40,40,40,40,40,40,40,40,40,40,40,40,40,40,40,40,41,41,41,41,41,41,41,41,41,41,11,11,11,11,11,11,11,11,11,11,11,11,11,11,11,11,11,11,11,11,11,11,11,11,11,16,16,16,16,16,16,16,16,16,16,16,16,16,16
4,4,4,4,4,34,34,34,34,34,34,34,34,34,34,34,34,34,34,34,34,37,37,37,37,37,37,37,37,37,37,37,37,37,37,37,28,28,28,28,28,28,28,28,28,28,28,7,7,7,7,7,7,7,7,7,7,7,7,7,7,7,7,7,7,7,7,7,7,7,7,7,7,7,7,40,40,40,40,40,40,40,40,40,40,40,40,40,40,40,40,40,40,40,40,40,40,40,40,40,40,40,41,41,41,41,41,41,41,41,11,11,11,11,11,11,11,11,11,11,11,11,11,11,11,11,11,11,11,11,11,11,11,11,11,11,16,16,16,16,16,16,16,16,16,16,16,16,16,16
4,4,4,4,34,34,34,34,34,34,34,34,34,34,34,34,34,34,34,34,34,34,37,37,37,37,37,37,37,37,37,37,37,37,37,37,37,28,28,28,28,28,28,28,28,28,28,7,7,7,7,7,7,7,7,7,7,7,7,7,7,7,7,7,7,7,7,7,7,7,7,7,7,7,7,40,40,40,40,40,40,40,40,40,40,40,40,40,40,40,40,40,40,40,40,40,40,40,40,40,40,27,27,41,41,41,19,19,19,11,11,11,11,11,11,11,11,11,11,11,11,11,11,11,11,11,11,11,11,11,11,11,11,11,11,11,11,16,16,16,16,16,16,16,16,16,16,16,16,16
4,4,4,34,34,34,34,34,34,34,34,34,34,34,34,34,34,34,34,34,34,34,37,37,37,37,37,37,37,37,37,37,37,37,37,37,37,37,28,28,28,28,28,28,28,28,28,7,7,7,7,7,7,7,7,7,7,7,7,7,7,7,7,7,7,7,7,7,7,7,7,7,7,7,40,40,40,40,40,40,40,40,40,40,40,40,40,40,40,40,40,40,40,40,40,40,40,40,40,40,40,27,27,27,27,19,19,19,19,19,19,19,19,11,11,11,11,11,19,11,11,11,11,11,11,11,11,11,11,11,11,11,11,11,11,11,11,16,16,16,16,16,16,16,16,16,16,16,16,16
4,4,34,34,34,34,34,34,34,34,34,34,34,34,34,34,34,34,34,34,34,34,37,37,37,37,37,37,37,37,37,37,37,37,37,37,37,37,37,28,28,28,28,28,28,28,28,7,7,7,7,7,7,7,7,7,7,7,7,7,7,7,7,7,7,7,7,7,7,7,7,7,7,7,40,40,40,40,40,40,40,40,40,40,40,40,40,40,40,40,40,40,40,40,40,40,40,40,40,40,40,27,27,27,27,19,19,19,19,19,19,19,19,19,19,19,19,19,19,19,19,11,19,19,19,11,11,11,11,11,11,11,11,11,11,11,11,16,16,16,16,16,16,16,16,16,16,16,16,16
4,34,34,34,34,34,34,34,34,34,34,34,34,34,34,34,34,34,34,34,34,34,37,37,37,37,37,37,37,37,37,37,37,37,37,37,37,37,37,37,28,28,28,8,8,8,8,8,8,8,8,7,7,7,7,7,7,7,7,7,7,7,7,7,7,7,7,7,7,7,7,7,7,7,40,40,40,40,40,40,40,40,40,40,40,40,40,40,40,40,40,40,40,40,40,40,40,40,40,40,27,27,27,27,27,27,19,19,19,19,19,19,19,19,19,19,19,19,19,19,19,19,19,19,19,19,11,11,11,11,11,11,11,11,11,11,16,16,16,16,16,16,16,16,16,16,16,16,16,16
34,34,34,34,34,34,34,34,34,34,34,34,34,34,34,34,34,34,34,34,34,12,37,37,37,37,37,37,37,37,37,37,37,37,37,37,37,37,37,37,37,8,8,8,8,8,8,8,8,8,8,8,7,7,7,7,7,7,7,7,7,7,7,7,7,7,7,7,7,7,7,7,7,7,40,40,40,40,40,40,40,40,40,40,40,40,40,40,40,40,40,40,40,40,40,40,40,40,40,27,27,27,27,27,27,27,27,27,19,19,19,19,19,19,19,19,19,19,19,19,19,19,19,19,19,19,19,11,11,11,11,11,11,11,11,11,16,16,16,16,16,16,16,16,16,16,16,16,16,16
34,34,34,34,34,34,34,34,34,34,34,34,34,34,34,34,34,12,12,12,12,12,12,12,37,37,37,37,37,37,37,37,37,37,37,37,37,8,8,8,8,8,8,8,8,8,8,8,8,8,8,8,8,7,7,7,7,7,7,7,7,7,7,7,7,7,7,7,7,7,7,7,7,7,40,40,40,40,40,40,40,40,40,40,40,40,40,40,40,40,40,40,40,40,40,40,40,40,40,27,27,27,27,27,27,27,27,27,27,19,19,19,19,19,19,19,19,19,19,19,19,19,19,19,19,19,19,19,11,11,11,11,11,11,11,11,16,16,16,16,16,16,16,16,16,16,16,16,16,16
34,34,39,39,39,34,34,34,34,34,12,12,12,12,12,12,12,12,12,12,12,12,12,12,12,37,37,37,37,37,37,37,37,37,37,37,8,8,8,8,8,8,8,8,8,8,8,8,8,8,8,8,8,8,8,8,7,7,7,7,7,7,7,7,7,7,7,7,7,7,7,7,7,40,40,40,40,40,40,40,40,40,40,40,40,40,40,40,40,40,40,40,40,40,40,40,40,40,40,27,27,27,27,27,27,27,27,27,27,27,19,19,19,19,19,19,19,19,19,19,19,19,19,19,19,19,19,19,19,11,11,11,11,11,11,16,16,16,16,16,16,16,16,16,16,16,16,16,16,16
34,39,39,39,39,39,39,39,39,12,12,12,12,12,12,12,12,12,12,12,12,12,12,12,12,12,37,37,37,37,37,37,37,37,37,37,8,8,8,8,8,8,8,8,8,8,8,8,8,8,8,8,8,8,8,8,8,7,7,7,7,7,7,7,7,7,7,7,7,7,7,7,40,40,40,40,40,40,40,40,40,40,40,40,40,40,40,40,40,40,40,40,40,40,40,40,40,40,27,27,27,27,27,27,27,27,27,27,27,27,27,19,19,19,19,19,19,19,19,19,19,19,19,19,19,19,19,19,19,19,11,11,11,11,11,16,16,16,16,16,16,16,16,16,16,16,16,16,16,16
39,39,39,39,39,39,39,39,39,39,12,12,12,12,12,12,12,12,12,12,12,12,12,12,12,12,12,12,37,37,37,37,37,37,37,8,8,8,8,8,8,8,8,8,8,8,8,8,8,8,8,8,8,8,8,8,8,8,45,45,45,45,45,7,7,7,7,7,7,7,7,7,40,40,40,40,40,40,40,40,40,40,40,40,40,40,40,40,40,40,40,40,40,40,40,40,40,40,27,27,27,27,27,27,27,27,27,27,27,27,27,27,19,19,19,19,19,19,19,19,19,19,19,19,19,19,19,19,19,19,19,11,11,11,16,16,16,16,16,16,16,16,16,16,16,16,16,16,16,16
39,39,39,39,39,39,39,39,39,39,39,12,12,12,12,12,12,12,12,12,12,12,12,12,12,12,12,12,12,37,37,37,37,37,8,8,8,8,8,8,8,8,8,8,8,8,8,8,8,8,8,8,8,8,8,8,8,8,45,45,45,45,45,45,7,7,7,7,7,7,7,40,40,40,40,40,40,40,40,40,40,40,40,40,40,40,40,40,40,40,40,40,40,40,40,40,40,27,27,27,27,27,27,27,27,27,27,27,27,27,27,27,27,19,19,19,19,19,19,19,19,19,19,19,19,19,19,19,19,19,19,19,19,11,16,16,16,16,16,16,16,16,16,16,16,16,16,16,16,16
39,39,39,39,39,39,39,39,39,39,39,39,39,12,12,12,12,12,12,12,12,12,12,12,12,12,12,12,12,37,37,37,37,8,8,8,8,8,8,8,8,8,8,8,8,8,8,8,8,8,8,8,8,8,8,8,8,8,45,45,45,45,45,45,45,45,45,45,45,7,7,40,40,40,40,40,40,40,40,40,40,40,40,40,40,40,40,40,40,40,40,40,40,40,40,40,27,27,27,27,27,27,27,27,27,27,27,27,27,27,27,27,27,19,19,19,19,19,19,19,19,19,19,19,19,19,19,19,19,19,19,19,19,19,16,16,16,16,16,16,16,16,16,16,16,16,16,16,16,16
39,39,39,39,39,39,39,39,39,39,39,39,39,12,12,12,12,12,12,12,12,12,12,12,12,12,12,12,12,12,37,37,8,8,8,8,8,8,8,8,8,8,8,8,8,8,8,8,8,8,8,8,8,8,8,8,8,45,45,45,45,45,45,45,45,45,45,45,45,45,45,45,40,40,40,40,40,40,40,40,40,40,40,40,40,40,40,40,40,40,40,40,40,40,27,27,27,27,27,27,27,27,27,27,27,27,27,27,27,27,27,27,27,27,19,19,19,19,19,19,19,19,19,19,19,19,19,19,19,19,19,19,19,19,19,16,16,16,16,16,16,16,16,16,16,16,16,16,16,16
39,39,39,39,39,39,39,39,39,39,39,39,39,39,39,39,12,12,12,12,12,12,12,12,12,12,12,12,12,12,12,8,8,8,8,8,8,8,8,8,8,8,8,8,8,8,8,8,8,8,8,8,8,8,8,8,8,45,45,45,45,45,45,45,45,45,45,45,45,45,45,45,45,40,40,40,40,40,40,40,40,40,40,40,40,40,40,40,40,40,40,40,40,27,27,27,27,27,27,27,27,27,27,27,27,27,27,27,27,27,27,27,27,27,27,19,19,19,19,19,19,19,19,19,19,19,19,19,19,19,19,19,19,19,19,16,16,16,16,16,16,16,16,16,16,16,16,16,16,16
39,39,39,39,39,39,39,39,39,39,39,39,39,39,39,39,39,39,39,12,12,12,12,12,12,12,12,12,12,12,12,8,8,8,8,8,8,8,8,8,8,8,8,8,8,8,8,8,8,8,8,8,8,8,8,45,45,45,45,45,45,45,45,45,45,45,45,45,45,45,45,45,45,40,40,40,40,40,40,40,40,40,40,40,40,40,40,40,40,40,40,40,40,27,27,27,27,27,27,27,27,27,27,27,27,27,27,27,27,27,27,27,27,27,27,27,19,19,19,19,19,19,19,19,19,19,19,19,19,19,19,19,19,19,19,16,16,16,16,16,16,16,16,16,16,16,16,16,16,16
39,39,39,39,39,39,39,39,39,39,39,39,39,39,39,39,39,39,39,39,39,12,12,12,12,12,12,12,12,12,8,8,8,8,8,8,8,8,8,8,8,8,8,8,8,8,8,8,8,8,8,8,8,8,45,45,45,45,45,45,45,45,45,45,45,45,45,45,45,45,45,45,45,40,40,40,40,40,40,40,40,40,40,40,40,40,40,40,40,40,40,40,40,27,27,27,27,27,27,27,27,27,27,27,27,27,27,27,27,27,27,27,27,27,27,27,19,19,19,19,19,19,19,19,19,19,19,19,19,19,19,19,19,19,19,16,16,16,16,16,16,16,16,16,16,16,16,16,16,16
39,39,39,39,39,39,39,39,39,39,39,39,39,39,39,39,39,39,39,39,39,39,12,12,12,12,12,12,12,12,12,8,8,8,8,8,8,8,8,8,8,8,8,8,8,8,8,8,8,8,8,8,8,45,45,45,45,45,45,45,45,45,45,45,45,45,45,45,45,45,45,45,45,40,40,40,40,40,40,40,40,40,40,40,40,40,40,40,40,40,40,40,27,27,27,27,27,27,27,27,27,27,27,27,27,27,27,27,27,27,27,27,27,27,27,27,19,19,19,19,19,19,19,19,19,19,19,19,19,19,19,19,19,19,19,16,16,16,16,16,16,16,16,16,16,16,16,16,16,16
39,39,39,39,39,39,39,39,39,39,39,39,39,39,39,39,39,39,39,39,39,39,39,39,12,12,12,12,12,12,12,8,8,8,8,8,8,8,8,8,8,8,8,8,8,8,8,8,8,8,8,8,45,45,45,45,45,45,45,45,45,45,45,45,45,45,45,45,45,45,45,45,45,45,40,40,40,40,40,40,40,40,40,40,40,40,40,40,40,40,40,27,27,27,27,27,27,27,27,27,27,27,27,27,27,27,27,27,27,27,27,27,27,27,27,27,27,19,19,19,19,19,19,19,19,19,19,19,19,19,19,19,19,19,19,16,16,16,16,16,16,16,16,16,16,16,16,16,16,16
39,39,39,39,39,39,39,39,39,39,39,39,39,39,39,39,39,39,39,39,39,39,39,39,39,39,12,12,12,12,8,8,8,8,8,8,8,8,8,8,8,8,8,8,8,8,8,8,8,8,8,45,45,45,45,45,45,45,45,45,45,45,45,45,45,45,45,45,45,45,45,45,45,45,40,40,40,40,40,40,40,40,40,40,40,40,40,40,40,40,27,27,27,27,27,27,27,27,27,27,27,27,27,27,27,27,27,27,27,27,27,27,27,27,27,27,27,27,19,19,19,19,19,19,19,19,19,19,19,19,19,19,19,19,19,19,16,16,16,16,16,16,16,16,16,16,16,16,16,16
39,39,39,39,39,39,39,39,39,39,39,39,39,39,39,39,39,39,39,39,39,39,39,39,39,39,39,39,39,8,8,8,8,8,8,8,8,8,8,8,8,8,8,8,8,8,8,8,8,8,45,45,45,45,45,45,45,45,45,45,45,45,45,45,45,45,45,45,45,45,45,45,45,45,45,40,40,40,40,40,40,40,40,40,40,40,40,40,40,27,27,27,27,27,27,27,27,27,27,27,27,27,27,27,27,27,27,27,27,27,27,27,27,27,27,27,27,27,19,19,19,19,19,19,19,19,19,19,19,19,19,19,19,19,19,19,16,16,16,16,16,16,16,16,16,16,16,16,16,16
39,39,39,39,39,39,39,39,39,39,39,39,39,39,39,39,39,39,39,39,39,39,39,39,39,39,39,39,39,39,8,8,8,8,8,8,8,8,8,8,8,8,8,8,8,8,8,8,8,8,45,45,45,45,45,45,45,45,45,45,45,45,45,45,45,45,45,45,45,45,45,45,45,45,45,45,40,40,40,40,40,40,40,40,40,40,40,40,40,27,27,27,27,27,27,27,27,27,27,27,27,27,27,27,27,27,27,27,27,27,27,27,27,27,27,27,27,27,19,19,19,19,19,19,19,19,19,19,19,19,19,19,9,19,19,19,16,16,16,16,16,16,16,16,16,16,16,16,16,16
39,39,39,39,39,39,39,39,39,39,39,39,39,39,39,39,39,39,39,39,39,39,39,39,39,39,39,39,39,39,39,8,8,8,8,8,8,8,8,8,8,8,8,8,8,8,8,8,8,45,45,45,45,45,45,45,45,45,45,45,45,45,45,45,45,45,45,45,45,45,45,45,45,45,45,45,40,40,40,40,15,15,40,40,40,40,40,40,27,27,27,27,27,27,27,27,27,27,27,27,27,27,27,27,27,27,27,27,27,27,27,27,27,27,27,27,27,27,27,19,19,19,19,19,19,19,19,19,19,19,19,9,9,9,9,9,9,9,16,16,16,16,16,16,16,16,16,16,16,16
39,39,39,39,39,39,39,39,39,39,39,39,39,39,39,39,39,39,39,39,39,39,39,39,39,39,39,39,39,39,39,8,8,8,8,8,8,8,8,8,8,8,8,8,8,8,8,8,45,45,45,45,45,45,45,45,45,45,45,45,45,45,45,45,45,45,45,45,45,45,45,45,79,79,79,79,15,15,15,15,15,15,15,15,15,15,15,15,15,27,27,27,27,27,27,27,27,27,27,27,27,27,27,27,27,27,27,27,27,27,27,27,27,27,27,27,27,27,27,19,19,19,19,19,19,19,19,19,19,19,9,9,9,9,9,9,9,9,9,9,9,16,16,16,16,16,16,16,16,16
39,39,39,39,39,39,39,39,39,39,39,39,39,39,39,39,39,39,39,39,39,39,39,39,39,39,39,39,39,39,8,8,8,8,8,8,8,8,8,8,8,8,8,8,8,8,45,45,45,45,45,45,45,45,45,45,45,45,45,45,45,45,45,45,45,45,45,45,45,45,45,83,79,79,79,79,15,15,15,15,15,15,15,15,15,15,15,15,15,15,15,27,27,27,27,27,27,27,27,27,27,27,27,27,27,27,27,27,27,27,27,27,27,27,27,27,27,27,27,27,19,19,19,19,19,19,19,19,9,9,9,9,9,9,9,9,9,9,9,9,9,9,16,16,16,16,16,16,16,16
39,39,39,39,39,39,39,39,39,39,39,39,39,39,39,39,39,39,39,39,39,39,39,39,39,39,39,39,39,39,8,8,8,8,8,8,8,8,8,8,8,8,8,8,8,45,45,45,45,45,45,45,45,45,45,45,45,45,45,45,45,45,45,45,45,45,45,45,45,83,83,83,79,79,79,79,15,15,15,15,15,15,15,15,15,15,15,15,15,15,15,15,27,27,27,27,27,27,27,27,27,27,27,27,27,27,27,27,27,27,27,27,27,27,27,27,27,27,27,27,27,19,19,9,9,9,9,9,9,9,9,9,9,9,9,9,9,9,9,9,9,9,9,9,16,16,16,16,16,16
39,39,39,39,39,39,49,49,49,49,49,49,49,49,49,49,49,39,39,39,39,39,39,39,39,39,39,39,39,39,8,8,8,8,8,8,8,8,8,8,8,8,8,8,45,45,45,45,45,45,45,45,45,45,45,45,45,45,45,45,45,45,45,45,45,45,93,83,83,83,83,83,83,79,79,79,79,15,15,15,15,15,15,15,15,15,15,15,15,15,15,15,15,51,51,51,51,27,27,27,27,27,27,27,51,51,51,27,27,27,27,27,27,27,27,27,27,27,27,27,27,9,9,9,9,9,9,9,9,9,9,9,9,9,9,9,9,9,9,9,9,9,9,9,9,16,16,16,16,16
39,39,49,49,49,49,49,49,49,49,49,49,49,49,49,49,49,49,39,39,39,39,39,39,39,39,39,39,39,39,39,8,8,8,8,8,8,8,8,8,8,8,8,45,45,45,45,45,45,45,45,45,45,45,45,45,45,45,45,45,45,45,45,45,45,93,93,93,83,83,83,83,83,79,79,79,79,15,15,15,15,15,15,15,15,15,15,15,15,15,15,15,51,51,51,51,51,51,51,51,51,51,51,51,51,51,51,51,51,51,51,51,51,51,27,27,27,27,27,27,9,9,9,9,9,9,9,9,9,9,9,9,9,9,9,9,9,9,9,9,9,9,9,9,9,9,16,16,16,16
49,49,49,49,49,49,49,49,49,49,49,49,49,49,49,49,49,49,49,49,49,49,49,39,39,39,39,39,39,39,39,8,8,8,8,8,8,8,8,8,8,8,45,45,45,45,45,45,45,45,45,45,45,45,45,45,45,45,45,78,78,78,78,93,93,93,93,93,93,83,83,83,83,79,79,79,79,15,15,15,15,15,15,15,15,15,15,15,15,15,15,15,51,51,51,51,51,51,51,51,51,51,51,51,51,51,51,51,51,51,51,51,51,51,51,51,51,27,27,9,9,9,9,9,9,9,9,9,9,9,9,9,9,9,9,9,9,9,9,9,9,9,9,9,9,9,9,16,16,16
49,49,49,49,49,49,49,49,49,49,49,49,49,49,49,49,49,49,49,49,49,49,49,49,39,39,39,39,39,39,8,8,8,8,8,8,8,8,8,8,8,8,45,45,45,45,45,45,90,90,90,90,45,45,45,45,78,78,78,78,78,78,78,93,93,93,93,93,93,83,83,83,83,83,79,79,79,15,15,15,15,15,15,15,15,15,15,15,15,15,15,15,15,51,51,51,51,51,51,51,51,51,51,51,51,51,51,51,51,51,51,51,51,51,51,51,51,51,51,9,9,9,9,9,9,9,9,9,9,9,9,9,9,9,9,9,9,9,9,9,9,9,9,9,9,9,9,9,9,16
49,49,49,49,49,49,49,49,49,49,49,49,49,49,49,49,49,49,49,49,49,49,49,49,49,49,49,39,39,39,8,8,8,8,8,8,8,8,8,8,8,45,45,45,90,90,90,90,90,90,90,90,90,90,90,78,78,78,78,78,78,78,78,93,93,93,93,93,93,83,83,83,83,83,83,83,83,15,15,15,15,15,15,15,15,15,15,15,15,15,15,15,15,51,51,51,51,51,51,51,51,51,51,51,51,51,51,51,51,51,51,51,51,51,51,51,51,51,51,9,9,9,9,9,9,9,9,9,9,9,9,9,9,9,9,9,9,9,9,9,9,9,9,9,9,9,9,9,9,9
49,49,49,49,49,49,49,49,49,49,49,49,49,49,49,49,49,49,49,49,49,49,49,49,49,49,49,49,39,39,8,8,8,8,8,8,8,8,8,8,71,45,45,90,90,90,90,90,90,90,90,90,90,90,90,78,78,78,78,78,78,78,78,93,93,93,93,93,93,93,83,83,83,83,83,83,15,15,15,15,15,15,15,15,15,15,15,15,15,15,15,15,15,51,51,51,51,51,51,51,51,51,51,51,51,51,51,51,51,51,51,51,51,51,51,51,51,51,9,9,9,9,9,9,9,9,9,9,9,9,9,9,9,9,9,9,9,9,9,9,9,9,9,9,9,9,9,9,9,9
49,49,49,49,49,49,49,49,49,49,49,49,49,49,49,49,49,49,49,49,49,49,49,49,49,49,49,49,49,39,39,81,8,8,81,81,8,8,8,71,71,71,71,71,90,90,90,90,90,90,90,90,90,90,90,78,78,78,78,78,78,78,78,93,93,93,93,93,93,93,93,83,83,83,83,15,15,15,15,15,15,15,15,15,15,15,15,15,15,15,15,15,15,15,51,51,51,51,51,51,51,51,51,51,51,51,51,51,51,51,51,51,51,51,51,51,51,51,9,9,9,9,9,9,9,9,9,9,9,9,9,9,9,9,9,9,9,9,9,9,9,9,9,9,9,9,9,9,9,9
14,14,49,49,49,49,49,49,49,49,49,49,49,49,49,49,49,49,49,49,49,49,49,49,49,49,49,49,49,49,81,81,81,81,81,81,81,54,54,54,71,71,71,71,90,90,90,90,90,90,90,90,90,90,78,78,78,78,78,78,78,78,78,93,93,93,93,93,93,93,93,83,83,83,83,83,15,15,15,15,15,15,15,15,15,15,15,15,15,15,15,15,15,15,51,51,51,51,51,51,51,51,51,51,51,51,51,51,51,51,51,51,51,51,51,51,51,51,9,9,9,9,9,9,9,9,9,9,9,9,9,9,9,9,9,9,9,9,9,9,9,9,9,9,9,9,9,9,9,9
14,14,14,49,49,49,49,49,49,49,49,49,49,49,49,49,49,49,49,49,49,49,49,49,49,49,49,49,49,49,81,81,81,81,81,81,67,67,54,54,54,71,71,71,71,90,90,90,90,90,90,90,90,78,78,78,78,78,78,78,78,78,78,93,93,93,93,93,93,93,57,57,83,83,83,83,15,15,15,15,15,15,15,15,15,15,15,15,15,15,15,15,15,15,51,51,51,51,51,51,51,51,51,51,51,51,51,51,51,51,51,51,51,51,51,51,51,9,9,9,9,9,9,9,9,9,9,9,9,9,9,9,9,9,9,9,9,9,9,9,9,9,9,9,9,9,9,9,9,9
14,14,14,49,49,49,49,49,49,49,49,49,49,49,49,49,49,49,49,49,49,49,49,49,49,49,49,49,49,49,81,81,81,81,81,67,67,67,67,54,54,71,71,71,71,71,90,90,90,90,90,90,77,77,78,78,78,78,78,78,78,78,78,93,93,93,93,93,93,57,57,57,57,57,57,57,15,15,15,15,15,15,15,15,15,15,15,15,15,15,15,15,15,15,51,51,51,51,51,51,51,51,51,51,51,51,51,51,51,51,51,51,51,51,51,51,9,9,9,9,9,9,9,9,9,9,9,9,9,9,9,9,9,9,9,9,9,9,9,9,9,9,9,9,9,9,9,9,9,9
14,14,14,49,49,49,49,49,49,49,49,49,49,49,49,49,49,49,49,49,49,49,49,49,49,49,49,49,49,96,96,81,81,81,67,67,67,67,67,67,85,85,85,85,85,85,77,77,77,77,77,77,77,77,78,78,78,78,78,78,78,78,78,93,93,93,93,93,93,57,57,57,57,57,57,15,15,15,15,15,15,15,15,15,15,15,15,15,15,15,15,15,15,15,51,51,51,51,51,51,51,51,51,51,51,51,51,51,51,51,51,51,51,51,51,51,9,9,9,9,9,9,9,9,9,9,9,9,9,9,9,9,9,9,9,9,9,9,9,9,9,9,9,9,9,9,9,9,9,9
14,14,14,14,49,49,49,49,49,49,49,49,49,49,49,49,49,49,49,49,49,49,49,49,49,49,49,49,49,96,96,96,96,96,96,67,67,67,67,67,85,85,85,85,85,85,77,77,77,77,77,77,77,77,77,87,78,78,78,78,78,78,78,93,93,93,93,93,57,57,57,57,57,57,57,15,15,15,15,15,15,15,15,15,15,15,15,15,15,15,15,15,15,15,51,51,51,51,51,51,51,51,51,51,51,51,51,51,51,51,51,51,51,51,51,51,9,9,9,9,9,9,9,9,9,9,9,9,9,9,9,9,9,9,9,9,9,9,9,9,9,9,9,9,9,9,9,9,9,9
14,14,14,14,49,49,49,49,49,49,49,49,49,49,49,49,49,49,49,49,49,49,49,49,49,49,49,49,49,96,96,96,96,96,96,96,72,67,67,85,85,85,85,85,85,85,77,77,77,77,77,77,77,77,87,87,87,78,78,78,78,78,78,78,93,93,93,57,57,57,57,57,57,57,57,57,15,15,15,15,15,15,15,15,15,15,15,15,15,15,15,15,15,15,51,51,51,51,51,51,51,51,51,51,51,51,51,51,51,51,51,51,51,51,51,9,9,9,9,9,9,9,9,9,9,9,9,9,9,9,9,9,9,9,9,9,9,9,9,9,9,9,9,9,9,9,9,9,9,9
14,14,14,14,14,14,49,49,49,49,49,49,49,49,49,49,49,49,49,49,49,49,49,49,49,49,49,49,96,96,96,96,96,96,96,96,72,72,72,72,85,85,85,85,85,64,77,77,77,77,77,77,77,87,87,87,87,87,87,78,78,78,78,78,93,93,57,57,57,57,57,57,57,57,57,57,15,15,15,15,15,15,15,15,15,15,15,15,15,15,15,15,15,15,51,51,51,51,51,51,51,51,51,51,51,51,51,51,51,51,51,51,51,51,51,51,9,9,9,9,9,9,9,9,9,9,9,9,9,9,9,9,9,9,9,9,9,9,9,9,9,9,9,9,9,9,9,9,9,9
14,14,14,14,14,14,14,14,49,49,49,49,49,49,49,49,49,49,49,49,49,49,49,49,49,49,49,49,96,96,96,96,96,96,96,96,72,72,72,72,85,85,85,85,64,64,64,77,77,77,77,77,87,87,87,87,87,87,87,87,78,78,78,78,57,57,57,57,57,57,57,57,57,57,57,57,57,15,15,15,15,15,15,15,15,15,15,15,15,15,15,15,15,15,51,51,51,51,51,51,51,51,51,51,51,51,51,51,51,51,51,51,51,51,51,51,9,9,9,9,9,9,9,9,9,9,9,9,9,9,9,9,9,9,9,9,9,9,9,9,9,9,9,9,9,9,9,9,9,9
14,14,14,14,14,14,14,14,14,14,49,49,49,49,49,49,49,49,49,49,49,49,49,49,49,49,49,49,96,96,96,96,96,96,96,96,96,72,72,72,72,85,85,85,64,64,64,77,77,77,77,77,87,87,87,87,87,87,87,87,87,78,78,78,57,57,57,57,57,57,57,57,57,57,57,57,57,15,15,15,15,15,15,15,15,15,15,15,15,15,15,15,15,15,51,51,51,51,51,51,51,51,51,51,51,51,51,51,51,51,51,51,51,51,51,51,9,9,9,9,9,9,9,9,9,9,9,9,9,9,9,9,9,9,9,9,9,9,9,9,9,9,9,9,9,9,9,9,9,9
14,14,14,14,14,14,14,14,14,14,14,49,49,49,49,49,49,49,49,49,49,49,49,49,49,49,49,49,96,96,96,96,96,96,96,96,69,69,69,69,69,72,85,64,64,64,64,64,77,77,77,77,87,87,87,87,87,87,87,87,87,87,100,100,100,57,57,57,57,57,57,100,100,100,57,57,57,15,15,15,15,15,15,15,15,15,15,15,15,15,15,15,15,15,51,51,51,51,51,51,51,51,51,51,51,51,51,51,51,51,51,51,51,51,51,9,9,9,9,9,9,9,9,9,9,9,9,9,9,9,9,9,9,9,9,9,9,9,9,9,9,9,9,9,9,9,9,9,9,9
14,14,14,14,14,14,14,14,14,14,14,14,14,49,49,49,49,49,49,49,49,49,49,49,49,49,49,49,96,96,96,96,96,96,96,69,69,69,69,69,69,69,89,89,89,89,64,64,64,77,98,98,87,87,87,87,87,87,87,87,87,87,100,100,100,100,100,100,100,100,100,100,100,100,100,100,57,15,15,15,15,15,15,15,15,15,15,15,15,15,15,15,15,15,51,51,51,51,51,51,51,51,51,51,51,51,51,51,51,51,51,51,51,51,51,9,9,9,9,9,9,9,9,9,9,9,9,9,9,9,9,9,9,9,9,9,9,9,9,9,9,9,9,9,9,9,9,9,9,9
14,14,14,14,14,14,14,14,14,14,14,14,14,14,14,14,14,14,49,49,49,49,49,49,49,49,49,49,56,56,56,96,96,96,96,69,69,69,69,69,69,69,89,89,89,89,64,64,64,98,98,98,87,87,87,87,87,87,87,87,87,87,100,100,100,100,100,100,100,100,100,100,100,100,100,100,100,15,15,15,15,15,15,15,15,15,15,15,15,15,15,15,15,15,51,51,51,51,51,51,51,51,51,51,51,51,51,51,51,51,51,51,51,51,51,9,9,9,9,9,9,9,9,9,9,9,9,9,9,9,9,9,9,9,9,9,9,9,9,9,9,9,9,9,9,9,9,9,9,9
14,14,14,14,14,14,14,14,14,14,14,14,14,14,14,14,14,14,14,14,14,14,49,49,49,49,49,49,56,56,56,56,56,56,59,69,69,69,69,69,69,69,89,89,89,89,64,64,98,98,98,87,87,87,87,87,87,87,87,87,87,87,100,100,100,100,100,100,100,100,100,100,100,100,100,100,100,15,15,15,15,15,15,15,15,15,15,15,15,15,15,15,15,46,51,51,51,51,51,51,51,51,51,51,51,51,51,51,51,51,51,51,51,51,51,9,9,9,9,9,9,9,9,9,9,9,9,9,9,9,9,9,9,9,9,9,9,9,9,9,9,9,9,9,9,9,9,9,9,9
14,14,14,14,14,14,14,14,14,14,14,14,14,14,14,14,14,14,14,14,14,14,14,49,49,49,49,49,56,56,56,56,56,56,59,59,59,59,59,59,59,59,59,98,98,98,98,98,98,98,98,98,87,87,87,87,87,87,87,87,87,87,100,100,100,100,100,100,100,100,100,100,100,100,100,100,100,15,15,15,15,15,15,15,15,15,15,15,15,15,15,15,46,46,46,46,46,46,51,51,51,51,51,51,51,51,51,51,51,51,51,51,51,51,51,51,9,9,9,9,9,9,9,9,9,9,9,9,9,9,9,9,9,9,9,9,9,9,9,9,9,9,9,9,9,9,9,9,9,9
14,14,14,14,14,14,14,14,14,14,14,14,14,14,14,14,14,14,14,14,14,14,14,14,14,49,49,49,49,56,56,56,56,59,59,59,59,59,59,59,59,59,59,98,98,98,98,98,98,98,98,98,98,87,87,87,87,87,87,87,87,87,100,100,100,100,100,100,100,100,100,100,100,100,100,100,100,15,15,15,15,15,15,15,15,15,15,15,15,46,46,46,46,46,46,46,46,46,51,51,51,51,51,51,51,51,51,51,51,51,51,51,51,51,51,51,9,9,9,9,9,9,9,9,9,9,9,9,9,9,9,9,9,9,9,9,9,9,9,9,9,9,9,9,9,9,9,9,9,9
14,14,14,14,14,14,14,14,14,14,14,14,14,14,14,14,14,14,14,14,14,14,14,14,14,14,49,49,56,56,56,56,56,59,59,76,59,59,59,59,59,59,59,59,98,98,98,98,98,98,98,98,98,98,87,87,87,87,87,87,87,87,100,100,100,100,100,100,100,100,100,100,100,100,100,100,100,15,15,15,15,15,15,15,15,15,15,15,46,46,46,46,46,46,46,46,46,46,46,51,51,51,51,51,51,51,51,51,51,51,51,51,51,51,51,51,9,9,9,9,9,9,9,9,9,9,9,9,9,9,9,9,9,9,9,9,9,9,9,9,9,9,9,9,9,9,9,9,9,9
14,14,14,14,14,14,14,14,14,14,14,14,14,14,14,14,14,14,14,14,14,14,14,14,14,14,14,49,56,56,56,56,56,76,76,76,76,59,59,59,59,59,59,59,98,98,98,98,98,98,98,98,98,98,98,87,87,87,87,87,87,87,100,100,100,100,100,100,100,100,100,100,100,100,100,100,100,100,100,15,15,15,15,15,15,15,15,46,46,46,46,46,46,46,46,46,46,46,46,51,51,51,51,51,51,51,51,51,51,51,51,51,51,51,51,51,9,9,9,9,9,9,9,9,9,9,9,9,9,9,9,9,9,9,9,9,9,9,9,9,9,9,9,9,9,9,9,9,9,9
14,14,14,14,14,14,14,14,14,14,14,14,14,14,14,14,14,14,14,14,14,14,14,14,14,14,18,18,56,56,56,56,56,76,76,76,76,59,59,59,59,59,59,59,98,98,98,98,98,98,98,98,98,98,98,98,87,87,87,87,87,87,87,70,100,100,100,100,100,100,100,100,100,100,100,100,100,100,100,100,100,15,15,46,46,46,46,46,46,46,46,46,46,46,46,46,46,46,46,46,51,51,51,51,51,51,51,51,51,51,51,51,51,51,51,51,9,9,9,9,9,9,9,9,9,9,9,9,9,9,9,9,9,9,9,9,9,9,9,9,9,9,9,9,9,9,9,33,33,33
14,14,14,14,14,14,14,14,14,14,14,14,14,14,14,14,14,14,14,14,14,14,14,18,18,18,18,18,56,56,56,56,56,76,76,76,76,59,59,59,59,59,59,59,98,98,98,98,98,98,53,53,53,53,53,53,53,53,53,53,53,87,70,70,70,100,100,100,100,100,100,100,100,100,99,100,100,99,100,100,100,86,46,46,46,46,46,46,46,46,46,46,46,46,46,46,46,46,46,46,51,51,51,51,51,51,51,51,51,51,51,51,51,51,51,51,51,9,9,9,9,9,9,9,9,9,9,9,9,9,9,9,9,9,9,9,9,9,9,9,9,9,9,9,9,9,33,33,33,33
14,14,14,14,14,14,14,14,14,14,14,14,14,14,14,14,14,14,14,14,14,18,18,18,18,18,18,18,56,56,56,56,74,76,76,74,74,74,74,59,59,59,59,59,59,98,98,98,98,53,53,53,53,53,53,53,53,53,53,53,53,70,70,70,70,100,100,100,100,99,99,99,99,99,99,99,99,99,99,99,86,86,86,46,46,46,46,46,46,46,46,46,46,46,46,46,46,46,46,36,36,36,36,36,51,51,51,51,51,36,36,51,51,51,51,51,51,9,9,9,9,9,9,9,9,9,9,9,9,9,9,9,9,9,9,9,9,9,9,9,9,9,9,9,9,9,33,33,33,33
14,14,14,14,14,14,14,14,14,14,14,14,14,14,14,14,14,14,14,14,18,18,18,18,18,18,18,18,56,56,56,74,74,74,74,74,74,74,74,74,74,74,59,59,59,59,98,98,98,53,53,53,53,53,53,53,53,53,53,53,70,70,70,70,70,70,99,99,99,99,99,99,99,99,99,99,99,99,99,99,86,86,86,46,46,46,46,46,46,46,46,46,46,46,46,46,46,46,36,36,36,36,36,36,36,36,36,36,36,36,36,36,36,51,51,51,51,9,9,9,9,9,9,9,9,9,9,9,9,9,9,9,9,9,9,9,9,9,9,9,9,9,9,9,33,33,33,33,33,33
14,14,14,14,14,14,14,14,14,14,14,14,14,14,14,14,14,18,18,18,18,18,18,18,18,18,18,56,56,56,56,74,74,74,74,74,74,74,74,74,74,74,74,74,59,95,95,95,53,53,53,53,53,53,53,53,53,53,53,70,70,70,70,70,70,70,99,99,99,99,99,99,99,99,99,99,99,99,99,86,86,86,46,46,46,46,46,46,46,46,46,46,46,46,46,46,46,46,36,36,36,36,36,36,36,36,36,36,36,36,36,36,36,36,36,36,36,9,9,9,9,9,9,9,9,9,9,9,9,9,9,9,9,9,9,9,9,9,9,9,9,9,33,33,33,33,33,33,33,33
14,14,14,14,14,14,14,14,14,14,14,14,14,14,14,18,18,18,18,18,18,18,18,18,18,18,18,56,56,56,56,74,74,74,74,74,74,74,74,74,74,74,74,95,95,95,95,95,53,53,53,53,53,53,53,53,53,53,70,70,70,70,70,70,70,70,70,99,99,99,99,99,99,99,99,99,99,99,86,86,86,86,86,46,46,46,46,46,46,46,46,46,46,46,46,46,46,36,36,36,36,36,36,36,36,36,36,36,36,36,36,36,36,36,36,36,36,36,9,9,9,9,9,9,9,9,9,9,9,9,9,9,9,9,9,9,9,9,9,9,33,33,33,33,33,33,33,33,33,33
14,14,14,14,14,14,14,14,14,18,18,18,18,18,18,18,18,18,18,18,18,18,18,18,18,18,18,56,56,56,74,74,74,74,74,74,74,74,74,74,74,74,95,95,95,95,95,95,53,53,53,53,53,53,53,53,53,70,70,70,70,70,70,70,70,70,70,99,99,99,99,99,99,99,99,99,86,86,86,86,86,86,86,46,46,46,46,46,46,46,46,46,46,46,46,46,46,36,36,36,36,36,36,36,36,36,36,36,36,36,36,36,36,36,36,36,36,36,9,9,9,9,9,9,9,9,9,9,9,9,9,9,9,9,9,9,9,9,33,33,33,33,33,33,33,33,33,33,33,33
14,14,14,14,14,14,14,14,18,18,18,18,18,18,18,18,18,18,18,18,18,18,18,18,18,18,18,52,88,74,74,74,74,74,74,74,74,74,74,74,95,95,95,95,95,95,95,95,53,53,53,53,53,53,53,53,53,70,70,70,70,70,70,70,70,70,70,99,99,99,99,99,99,99,99,86,86,86,86,86,86,86,86,46,46,46,46,46,46,46,46,46,46,46,46,46,36,36,36,36,36,36,36,36,36,36,36,36,36,36,36,36,36,36,36,36,36,36,36,9,9,9,9,9,9,9,9,9,9,9,9,9,9,9,9,9,33,33,33,33,33,33,33,33,33,33,33,33,33,33
14,14,14,14,14,14,18,18,18,18,18,18,18,18,18,18,18,18,18,18,18,18,18,18,18,18,52,52,52,88,74,74,74,74,74,74,74,74,95,95,95,95,95,95,95,95,95,95,53,53,53,53,53,53,53,53,70,70,70,70,70,70,70,70,70,70,70,99,99,99,99,99,99,99,86,86,86,86,86,86,86,13,13,13,13,46,46,46,46,46,46,46,46,46,46,46,36,36,36,36,36,36,36,36,36,36,36,36,36,36,36,36,36,36,36,36,36,36,36,36,9,9,9,9,9,9,9,9,9,9,9,9,9,9,33,33,33,33,33,33,33,33,33,33,33,33,33,33,33,33
14,14,14,14,14,18,18,18,18,18,18,18,18,18,18,18,18,18,18,18,18,18,18,18,18,52,52,52,52,52,88,88,74,74,74,74,74,74,95,95,95,95,95,95,95,95,95,95,53,53,53,53,53,53,53,70,70,70,70,70,70,70,70,70,70,70,70,99,99,99,99,99,99,99,86,86,86,86,86,86,86,13,13,13,13,13,13,13,13,46,46,46,46,46,46,46,36,36,36,36,36,36,36,36,36,36,36,36,36,36,36,36,36,36,36,36,36,36,36,36,9,9,9,9,9,9,9,9,9,9,33,9,9,33,33,33,33,33,33,33,33,33,33,33,33,33,33,33,33,33
14,14,14,18,18,18,18,18,18,18,18,18,18,18,18,18,18,18,18,18,18,18,18,18,18,52,52,52,52,52,52,88,88,88,88,88,88,95,95,95,95,95,95,95,95,95,95,95,95,53,53,53,53,53,70,70,70,70,70,70,70,70,70,70,70,70,70,99,99,99,99,99,99,99,99,86,86,86,86,86,86,13,13,13,13,13,13,13,13,13,46,46,46,46,46,36,36,36,36,36,36,36,36,36,36,36,36,36,36,36,36,36,36,36,36,36,36,36,36,36,36,9,9,9,9,9,9,9,33,33,33,33,33,33,33,33,33,33,33,33,33,33,33,33,33,33,33,33,33,33
18,18,18,18,18,18,18,18,18,18,18,18,18,18,18,18,18,18,18,18,18,18,18,18,18,52,52,52,52,52,52,52,88,88,88,88,88,88,95,95,95,95,95,95,95,95,95,95,95,53,53,53,53,70,70,70,70,70,70,70,70,70,70,70,66,66,66,66,99,99,99,99,99,99,99,86,86,86,86,86,13,13,13,13,13,13,13,13,13,13,46,46,46,46,36,36,36,36,36,36,36,36,36,36,36,36,36,36,36,36,36,36,36,36,36,36,36,36,36,36,36,36,36,36,9,9,33,33,33,33,33,33,33,33,33,33,33,33,33,33,33,33,33,33,33,33,33,33,33,33
18,18,18,18,18,18,18,18,18,18,18,18,18,18,18,18,18,18,18,18,18,18,18,18,18,52,52,52,52,52,52,52,88,88,88,88,88,88,95,95,95,95,95,95,95,95,95,95,91,91,53,53,70,70,70,70,70,70,70,70,70,70,70,66,66,66,66,66,66,99,99,99,99,99,99,86,86,86,86,13,13,13,13,13,13,13,13,13,13,13,46,46,46,46,36,36,36,36,36,36,36,36,36,36,36,36,36,36,36,36,36,36,36,36,36,36,36,36,36,36,36,36,36,36,36,33,33,33,33,33,33,33,33,33,33,33,33,33,33,33,33,33,33,33,33,33,33,33,33,33
18,18,18,18,18,18,18,18,18,18,18,18,18,18,18,18,18,18,18,18,18,18,18,18,52,52,52,52,52,52,52,52,88,88,88,88,88,88,95,95,95,95,95,91,91,91,91,91,91,91,84,84,84,70,70,70,70,70,70,70,70,70,66,66,66,66,66,66,66,68,68,99,99,99,99,86,13,13,13,13,13,13,13,13,13,13,13,13,13,13,13,13,46,36,36,36,36,36,36,36,36,36,36,36,36,36,36,36,36,36,36,36,36,36,36,36,36,36,36,36,36,36,36,36,36,33,33,33,33,33,33,33,33,33,33,33,33,33,33,33,33,33,33,33,33,33,33,33,33,33
18,18,18,18,18,18,18,18,18,18,18,18,18,18,18,18,18,18,18,18,18,18,18,18,52,52,52,52,52,52,52,52,88,88,88,88,88,88,88,95,95,95,91,91,91,91,91,91,91,91,84,84,84,84,84,84,70,70,70,70,70,60,66,66,66,66,66,66,68,68,68,68,99,99,99,99,13,13,13,13,13,13,13,13,13,13,13,13,13,13,13,13,13,36,36,36,36,36,36,36,36,36,36,36,36,36,36,36,36,36,36,36,36,36,36,36,36,36,36,36,36,36,36,36,36,33,33,33,33,33,33,33,33,33,33,33,33,33,33,33,33,33,33,33,33,33,33,33,33,33
18,18,18,18,18,18,18,18,18,18,18,18,18,18,18,18,18,18,18,18,18,18,18,52,52,52,52,52,52,52,52,17,17,88,88,88,88,88,88,88,91,91,91,91,91,91,91,91,91,80,80,80,84,84,84,84,84,84,70,70,60,60,60,66,66,66,66,68,68,68,68,68,68,20,20,20,20,13,13,13,13,13,13,13,13,13,13,13,13,13,13,13,13,36,36,36,36,36,36,36,36,36,36,36,36,36,36,36,36,36,36,36,36,36,36,36,36,36,36,36,36,36,36,36,36,33,33,33,33,33,33,33,33,33,33,33,33,33,33,33,33,33,33,33,33,33,33,33,33,33
18,18,18,18,18,18,18,18,18,18,18,18,18,18,18,18,18,18,18,18,18,18,18,52,52,52,52,52,52,52,52,17,17,17,88,88,88,88,88,88,91,91,91,91,91,91,91,91,91,80,80,80,80,84,84,84,84,84,84,84,60,60,60,60,66,66,66,66,68,68,68,68,20,20,20,20,20,20,20,20,20,13,13,13,13,13,13,13,13,13,13,13,13,36,36,36,36,36,36,36,36,36,36,36,36,36,36,36,36,36,36,36,36,36,36,36,36,36,36,36,36,36,36,36,36,33,33,33,33,33,33,33,33,33,33,33,33,33,33,33,33,33,33,33,33,33,33,33,33,33
18,18,18,18,18,18,18,18,18,18,18,18,18,18,18,18,18,18,18,18,18,18,32,32,52,52,52,52,52,52,17,17,17,17,17,88,88,88,88,91,91,91,91,91,91,91,91,91,80,80,80,80,80,84,84,84,84,84,84,84,84,60,60,60,60,60,66,66,68,68,68,20,20,20,20,20,20,20,20,20,20,20,20,20,20,20,20,20,13,13,13,13,13,36,36,36,36,36,36,36,36,36,36,36,36,36,36,36,36,36,36,36,36,36,36,36,36,36,36,36,36,36,36,36,36,33,33,33,33,33,33,33,33,33,33,33,33,33,33,33,33,33,33,33,33,33,33,33,33,33
18,18,18,18,18,18,18,18,18,18,18,18,18,18,18,18,18,18,18,18,18,32,32,32,32,52,52,52,52,17,17,17,17,17,17,17,88,88,88,91,91,91,91,91,91,91,91,80,80,80,80,80,80,80,84,84,84,84,84,84,84,60,60,60,60,60,6,20,20,20,20,20,20,20,20,20,20,20,20,20,20,20,20,20,20,20,20,20,20,20,13,13,13,36,36,36,36,36,36,36,36,36,36,36,36,36,36,36,36,36,36,36,36,36,36,36,36,36,36,36,36,36,36,36,36,33,33,33,33,33,33,33,33,33,33,33,33,33,33,33,33,33,33,33,33,33,33,33,33,33
18,18,18,18,18,18,18,18,18,18,18,18,18,18,18,18,18,18,18,18,32,32,32,32,32,52,52,52,17,17,17,17,17,17,17,17,88,88,91,91,91,91,91,91,91,91,91,80,80,80,80,80,80,80,84,84,84,84,84,84,84,84,60,60,60,6,6,6,20,20,20,20,20,20,20,20,20,20,20,20,20,20,20,20,20,20,20,20,20,20,20,20,20,36,36,36,36,36,36,36,36,36,36,36,36,36,36,36,36,36,36,36,36,36,36,36,36,36,36,36,36,36,36,36,36,33,33,33,33,33,33,33,33,33,33,33,33,33,33,33,33,33,33,33,33,33,33,33,33,33
18,18,18,18,18,18,18,18,18,18,18,18,18,18,18,18,18,18,18,32,32,32,32,32,32,52,52,52,52,17,17,17,17,17,17,17,17,91,91,91,91,91,91,91,91,91,91,80,80,80,80,80,80,80,84,84,84,84,84,84,84,84,60,60,6,6,6,6,6,20,20,20,20,20,20,20,20,20,20,20,20,20,20,20,20,20,20,20,20,20,20,20,20,36,36,36,36,36,36,36,36,36,36,36,36,36,36,36,36,36,36,36,36,36,36,36,36,36,36,36,36,36,36,36,36,33,33,33,33,33,33,33,33,33,33,33,33,33,33,33,33,33,33,33,33,33,33,33,33,33
18,18,18,18,18,18,18,18,18,18,18,18,18,18,18,18,18,18,18,32,32,32,32,32,32,52,52,52,52,17,17,17,17,17,17,17,17,17,91,91,91,91,91,91,91,91,91,80,80,80,80,80,80,80,84,84,84,84,84,84,84,84,84,6,6,6,6,6,6,20,20,20,20,20,20,20,20,20,20,20,20,20,20,20,20,20,20,20,20,20,20,20,20,20,36,36,36,36,36,36,36,36,36,36,36,36,36,36,36,36,36,36,36,36,36,36,36,36,36,36,36,36,36,36,36,33,33,33,33,33,33,33,33,33,33,33,33,33,33,33,33,33,33,33,33,33,33,33,33,33
18,18,18,18,18,18,18,18,18,18,18,18,18,18,18,18,18,18,18,32,32,32,32,32,32,32,52,52,52,17,17,17,17,17,17,17,17,17,91,91,91,91,91,91,91,102,102,102,102,80,80,80,80,80,84,84,65,65,65,65,65,65,65,6,6,6,6,6,6,6,20,20,20,20,20,20,20,20,20,20,20,20,20,20,20,20,20,20,20,20,20,20,20,20,36,36,36,36,36,36,36,36,36,36,36,36,36,36,36,36,36,36,36,36,36,36,36,36,36,36,36,36,36,36,36,33,33,33,33,33,33,33,33,33,33,33,33,33,33,33,33,33,33,33,33,33,33,33,33,33
18,18,18,18,18,18,18,18,18,18,18,18,18,18,18,18,18,18,32,32,32,32,32,32,32,32,52,52,17,17,17,17,17,17,17,17,17,17,17,91,91,91,91,91,102,102,102,102,102,102,80,80,80,80,65,65,65,65,65,65,65,65,6,6,6,6,6,6,6,6,20,20,20,20,20,20,20,20,20,20,20,20,20,20,20,20,20,20,20,20,20,20,20,20,20,36,36,36,36,36,36,36,36,36,36,36,36,36,36,36,36,36,36,36,36,36,36,36,36,36,36,36,36,36,33,33,33,33,33,33,33,33,33,33,33,33,33,33,33,33,33,33,33,33,33,33,33,33,33,33
18,18,18,18,18,18,18,18,18,18,18,18,18,18,18,18,18,32,32,32,32,32,32,32,32,32,32,17,17,17,17,17,17,17,17,17,17,17,17,17,91,91,91,102,102,102,102,102,102,102,101,80,80,80,65,65,65,65,65,65,65,6,6,6,6,6,6,6,6,6,6,20,20,20,20,20,20,20,20,20,20,20,20,20,20,20,20,20,20,20,20,20,20,20,20,20,36,36,36,36,36,36,36,36,36,36,36,36,36,36,36,36,36,36,36,36,36,36,36,36,36,36,36,36,33,33,33,33,33,33,33,33,33,33,33,33,33,33,33,33,33,33,33,33,33,33,33,33,33,33
18,18,18,18,18,18,18,18,18,18,18,18,18,18,18,18,32,32,32,32,32,32,32,32,32,32,32,17,17,17,17,17,17,17,17,17,17,17,17,17,17,91,102,102,102,102,102,102,102,101,101,101,101,75,65,65,65,65,65,65,6,6,6,6,6,6,6,6,6,6,6,20,20,20,20,20,20,20,20,20,20,20,20,20,20,20,20,20,20,20,20,20,20,20,20,20,20,36,36,36,36,36,36,36,36,36,36,36,36,36,36,36,36,36,36,36,36,36,36,36,36,36,36,36,33,33,33,33,33,33,33,33,33,33,33,33,33,33,33,33,33,33,33,33,33,33,33,33,33,33
18,18,18,18,18,18,18,18,18,18,18,18,18,18,18,32,32,32,32,32,32,32,32,32,32,32,32,17,17,17,17,17,17,17,17,17,17,17,17,17,17,17,102,102,102,102,102,102,101,101,101,101,75,75,75,75,75,75,65,65,6,6,6,6,6,6,6,6,6,6,6,20,20,20,20,20,20,20,20,20,20,20,20,20,20,20,20,20,20,20,20,20,20,20,20,20,20,20,36,36,36,36,36,36,36,36,36,36,36,36,36,36,36,36,36,36,36,36,36,36,36,36,36,36,33,33,33,33,33,33,33,33,33,33,33,33,33,33,33,33,33,33,33,33,33,33,33,33,33,33
18,18,18,18,18,18,18,18,18,18,18,18,18,18,32,32,32,32,32,32,32,32,32,32,32,32,32,17,17,17,17,17,17,17,17,17,17,17,17,17,17,17,102,102,102,102,102,101,101,101,101,101,75,75,75,75,75,75,75,6,6,6,6,6,6,6,6,6,6,6,6,20,20,20,20,20,20,20,20,20,20,20,20,20,20,20,20,20,20,20,20,20,20,20,20,20,20,20,36,36,36,36,36,36,36,36,36,36,36,36,36,36,36,36,36,36,36,36,36,36,36,36,36,36,33,33,33,33,33,33,33,33,33,33,33,33,33,33,33,33,33,33,33,33,33,33,33,33,33,33
18,18,18,18,18,18,18,18,18,18,18,18,18,18,32,32,32,32,32,32,32,32,32,32,32,32,32,32,17,17,17,17,17,17,17,17,17,17,17,17,17,17,102,102,102,102,102,101,101,101,101,75,75,75,75,75,75,75,75,6,6,6,6,6,6,6,6,6,6,6,6,20,20,20,20,20,20,20,20,20,20,20,20,20,20,20,20,20,20,20,20,20,20,20,20,20,20,20,20,36,36,36,36,36,36,36,36,36,36,36,36,36,36,36,36,36,36,36,36,36,36,36,26,26,26,33,33,33,33,33,33,33,33,33,33,33,33,33,33,33,33,33,33,33,33,33,33,33,33,33
18,18,18,18,18,18,18,18,18,18,18,18,18,32,32,32,32,32,32,32,32,32,32,32,32,32,32,32,32,17,17,17,17,17,17,17,17,17,17,17,17,17,102,102,102,102,102,101,101,101,75,75,75,75,75,75,75,75,75,6,6,6,6,6,6,6,6,6,6,6,6,20,20,20,20,20,20,20,20,20,20,20,20,20,20,20,20,20,20,20,20,20,20,20,20,20,20,20,20,20,36,36,36,36,36,36,36,36,36,36,36,36,36,36,36,36,36,36,36,26,26,26,26,26,26,26,33,33,33,33,33,33,33,33,33,33,33,33,33,33,33,33,33,33,33,33,33,33,33,33
18,18,18,18,18,18,18,18,18,18,18,18,32,32,32,32,32,32,32,32,32,32,32,32,32,32,32,32,32,32,17,17,17,17,17,17,17,17,17,17,17,17,58,58,58,58,101,101,101,75,75,75,75,75,75,75,75,75,6,6,6,6,6,6,6,6,6,6,6,6,6,20,20,20,20,20,20,20,20,20,20,20,20,20,20,20,20,20,20,20,20,20,20,20,20,20,20,20,20,20,36,36,36,36,36,36,36,36,36,36,36,36,36,36,26,26,26,26,26,26,26,26,26,26,26,26,26,33,33,33,33,33,33,33,33,33,33,33,33,33,33,33,33,33,33,33,33,33,33,33
18,18,18,18,18,18,18,18,18,18,18,32,32,32,32,32,32,32,32,32,32,32,32,32,32,32,32,32,32,32,32,17,17,17,17,17,17,17,17,17,17,17,58,58,58,58,58,58,75,75,75,75,75,75,75,75,75,75,6,6,6,6,6,6,6,6,6,6,6,6,6,20,20,20,20,20,20,20,20,20,20,20,20,20,20,20,20,20,20,20,20,20,20,20,20,20,20,20,20,20,20,36,36,36,36,36,36,36,36,36,36,36,26,26,26,26,26,26,26,26,26,26,26,26,26,26,26,33,33,33,33,33,33,33,33,33,33,33,33,33,33,33,33,33,33,33,33,33,33,33
18,18,18,18,18,18,18,18,18,18,32,32,32,32,32,32,32,32,32,32,32,32,32,32,32,32,32,32,32,32,32,17,17,17,17,17,17,17,17,17,17,17,58,58,58,58,58,58,55,55,75,75,75,75,75,75,75,6,6,6,6,6,6,6,6,6,6,6,6,6,6,6,20,20,20,20,20,20,20,20,20,20,20,20,20,20,20,20,20,20,20,20,20,20,20,20,20,20,20,20,20,20,36,36,36,36,36,36,36,26,26,26,26,26,26,26,26,26,26,26,26,26,26,26,26,26,26,26,33,33,33,33,33,33,33,33,33,33,33,33,33,33,33,33,33,33,33,33,33,33
18,18,18,18,18,18,18,18,18,32,32,32,32,32,32,32,32,32,32,32,32,32,32,32,32,32,32,32,32,32,17,17,17,17,17,17,17,17,17,17,17,58,58,58,58,58,58,58,55,55,55,55,75,75,75,75,75,75,6,6,6,6,6,6,6,6,6,6,6,6,6,6,20,20,20,20,20,20,20,20,20,20,20,20,20,20,20,20,20,20,20,20,20,20,20,20,20,20,20,20,20,20,20,36,36,36,36,36,36,26,26,26,26,26,26,26,26,26,26,26,26,26,26,26,26,26,26,26,26,26,33,33,33,33,33,33,33,33,33,33,33,33,33,33,33,33,33,33,33,33
18,18,18,18,18,18,18,32,32,32,32,32,32,32,32,32,32,32,32,32,32,32,32,32,32,32,32,32,32,32,17,17,17,17,17,17,17,17,17,17,58,58,58,58,58,58,58,58,55,55,55,55,55,55,55,55,75,75,6,6,6,6,6,6,6,6,6,6,6,6,6,6,6,20,20,20,20,20,20,20,20,20,20,20,20,20,20,20,20,20,20,20,20,20,20,20,20,20,20,20,20,20,20,36,36,36,36,36,26,26,26,26,26,26,26,26,26,26,26,26,26,26,26,26,26,26,26,26,26,26,26,33,33,33,33,33,33,33,33,33,33,33,33,33,33,33,33,33,33,33
18,18,18,18,18,18,32,32,32,32,32,32,32,32,32,32,32,32,32,32,32,32,32,32,32,32,32,32,32,17,17,17,17,17,17,17,17,17,17,17,58,58,58,58,58,58,58,58,55,55,55,55,55,55,55,55,55,55,6,6,6,6,6,6,6,6,6,6,6,6,6,6,6,6,20,20,20,20,20,20,20,20,20,20,20,20,20,20,20,20,20,20,20,20,20,20,20,20,20,20,20,20,20,20,36,36,36,26,26,26,26,26,26,26,26,26,26,26,26,26,26,26,26,26,26,26,26,26,26,26,26,26,26,33,33,33,33,33,33,33,33,33,33,33,33,33,33,33,33,33
18,18,18,18,18,32,32,32,32,32,32,32,32,32,32,32,32,32,32,32,32,32,32,32,32,32,32,32,17,17,17,17,17,17,17,17,17,17,17,58,58,58,58,58,58,58,58,97,97,55,55,55,55,55,55,55,55,55,6,6,6,6,6,6,6,6,6,6,6,6,6,6,6,6,6,20,20,20,20,20,20,20,20,20,20,20,20,20,20,20,20,20,20,20,20,20,20,20,20,20,20,20,20,20,20,36,26,26,26,26,26,26,26,26,26,26,26,26,26,26,26,26,26,26,26,26,26,26,26,26,26,26,26,26,33,33,33,33,33,33,33,33,33,33,33,33,33,33,33,33
18,18,18,18,32,32,32,32,32,32,32,32,32,32,32,32,32,32,32,32,32,32,32,32,32,32,32,32,17,17,17,17,17,17,17,17,17,17,17,58,58,58,58,58,58,58,58,97,97,97,55,55,55,55,55,55,55,55,6,6,6,6,6,6,6,6,6,6,6,6,6,6,6,6,6,20,20,20,20,20,20,20,20,20,20,20,20,20,20,20,20,20,20,20,20,20,20,20,20,20,20,20,20,20,20,26,26,26,26,26,26,26,26,26,26,26,26,26,26,26,26,26,26,26,26,26,26,26,26,26,26,26,26,26,26,33,33,33,33,33,33,33,33,33,33,33,33,33,33,33
18,18,18,18,32,32,32,32,32,32,32,32,32,32,32,32,32,32,32,32,32,32,32,32,32,32,32,32,17,17,17,17,17,17,17,17,17,17,58,58,58,58,58,58,58,58,97,97,97,97,97,55,55,55,55,55,55,55,6,6,6,6,6,6,6,6,6,6,6,6,6,6,6,6,6,20,20,20,20,20,20,20,20,20,20,20,20,20,20,20,20,20,20,20,20,20,20,20,20,20,20,20,20,20,20,26,26,26,26,26,26,26,26,26,26,26,26,26,26,26,26,26,26,26,26,26,26,26,26,26,26,26,26,26,26,26,33,33,33,33,33,33,33,33,33,33,33,33,33,33
18,18,18,18,32,32,32,32,32,32,32,32,32,32,32,32,32,32,32,32,32,32,32,32,32,32,32,32,17,17,17,17,17,17,17,17,17,17,58,58,58,58,58,58,58,73,73,97,97,97,97,55,55,82,55,55,55,55,6,6,6,6,6,6,6,6,6,6,6,6,6,6,6,6,43,43,43,43,43,43,43,43,43,43,20,20,20,20,20,20,20,20,20,20,20,20,20,20,20,20,20,20,20,20,26,26,26,26,26,26,26,26,26,26,26,26,26,26,26,26,26,26,26,26,26,26,26,26,26,26,26,26,26,26,26,26,26,33,33,33,33,33,33,33,33,33,33,33,33,33
18,18,18,32,32,32,32,32,32,32,32,32,32,32,32,32,32,32,32,32,32,32,32,32,32,32,32,17,17,17,17,17,17,17,17,17,17,58,58,58,58,58,58,58,73,73,73,97,97,97,97,94,82,62,62,62,55,55,6,6,6,6,6,6,6,6,6,6,6,6,6,6,6,6,43,43,43,43,43,43,43,43,43,43,43,43,43,43,43,43,43,43,43,43,43,43,43,43,20,20,20,20,20,20,26,26,26,26,26,26,26,26,26,26,26,26,26,26,26,26,26,26,26,26,26,26,26,26,26,26,26,26,26,26,26,26,26,26,33,33,33,33,33,33,33,33,33,33,33,33
42,42,42,32,32,32,32,32,32,32,32,32,32,32,32,32,32,32,32,32,32,32,32,32,32,32,32,17,17,17,17,17,17,17,17,17,58,58,58,58,58,58,58,73,73,73,73,73,73,97,94,94,94,62,62,62,62,62,6,6,6,6,6,6,6,6,6,6,6,6,6,6,6,6,43,43,43,43,43,43,43,43,43,43,43,43,43,43,43,43,43,43,43,43,43,43,43,43,43,20,20,20,20,26,26,26,26,26,26,26,26,26,26,26,26,26,26,26,26,26,26,26,26,26,26,26,26,26,26,26,26,26,26,26,26,26,3,3,3,3,3,3,33,33,33,3,3,3,3,3
42,42,42,42,42,32,32,32,32,32,32,32,32,32,32,32,32,32,32,32,32,32,32,32,32,32,32,17,17,17,17,17,17,17,17,17,58,58,58,58,58,73,73,73,73,73,73,73,73,94,94,94,94,62,62,62,62,62,62,6,6,6,6,6,6,6,6,6,6,6,6,6,6,43,43,43,43,43,43,43,43,43,43,43,43,43,43,43,43,43,43,43,43,43,43,43,43,43,43,43,20,20,26,26,26,26,26,26,26,26,26,26,26,26,26,26,26,26,26,26,26,26,26,26,26,26,26,26,26,26,26,26,26,26,26,26,3,3,3,3,3,3,3,3,3,3,3,3,3,3
42,42,42,42,42,42,42,32,32,32,32,32,32,32,32,32,32,32,32,32,32,32,32,32,32,32,32,17,17,17,17,17,17,17,17,61,61,58,58,58,58,73,73,73,73,73,73,73,73,73,94,94,94,94,62,62,62,62,62,62,6,6,6,6,6,6,6,6,6,6,6,6,43,43,43,43,43,43,43,43,43,43,43,43,43,43,43,43,43,43,43,43,43,43,43,43,43,43,43,43,43,43,26,26,26,26,26,26,26,26,26,26,26,26,26,26,26,26,26,26,26,26,26,26,26,26,26,26,26,26,26,26,26,26,26,26,3,3,3,3,3,3,3,3,3,3,3,3,3,3
42,42,42,42,42,42,42,42,42,42,42,32,32,32,32,32,32,32,32,32,32,32,32,32,32,32,32,17,17,17,17,17,17,17,61,61,61,61,61,58,63,63,73,73,73,73,73,73,73,73,73,94,94,94,62,62,62,62,62,62,62,6,6,6,6,6,6,6,6,6,10,43,43,43,43,43,43,43,43,43,43,43,43,43,43,43,43,43,43,43,43,43,43,43,43,43,43,43,43,43,43,43,26,26,26,26,26,26,26,26,26,26,26,26,26,26,26,26,26,26,26,26,26,26,26,26,26,26,26,26,26,26,26,26,26,26,3,3,3,3,3,3,3,3,3,3,3,3,3,3
42,42,42,42,42,42,42,42,42,42,42,42,42,42,32,32,32,32,32,32,32,32,32,32,32,32,42,42,42,17,17,17,17,61,61,61,61,61,61,61,63,63,63,73,73,73,73,73,73,73,73,94,94,94,94,62,62,62,62,62,62,6,6,6,6,10,10,10,10,10,10,10,43,43,43,43,43,43,43,43,43,43,43,43,43,43,43,43,43,43,43,43,43,43,43,43,43,43,43,43,43,43,43,26,26,26,26,26,26,26,26,26,26,26,26,26,26,26,26,26,26,26,26,26,26,26,26,26,26,26,26,26,26,26,26,26,3,3,3,3,3,3,3,3,3,3,3,3,3,3
42,42,42,42,42,42,42,42,42,42,42,42,42,42,42,42,42,42,42,42,42,42,42,42,42,42,42,42,42,42,17,17,17,61,61,61,61,61,61,61,61,63,63,63,63,73,73,73,73,73,73,73,73,94,94,62,62,62,10,10,10,10,10,10,10,10,10,10,10,10,10,10,10,43,43,43,43,43,43,43,43,43,43,43,43,43,43,43,43,43,43,43,43,43,43,43,43,43,43,43,43,43,43,26,26,26,26,26,26,26,26,26,26,26,26,26,26,26,26,26,26,26,26,26,26,26,26,26,26,26,26,26,26,26,26,26,3,3,3,3,3,3,3,3,3,3,3,3,3,3
42,42,42,42,42,42,42,42,42,42,42,42,42,42,42,42,42,42,42,42,42,42,42,42,42,42,42,42,42,42,42,42,61,61,61,61,61,61,61,61,61,61,63,63,63,63,63,73,73,73,73,73,73,73,62,62,10,10,10,10,10,10,10,10,10,10,10,10,10,10,10,10,10,43,43,43,43,43,43,43,43,43,43,43,43,43,43,43,43,43,43,43,43,43,43,43,43,43,43,43,43,43,43,43,26,26,26,26,26,26,26,26,26,26,26,26,26,26,26,26,26,26,26,26,26,26,26,26,26,26,26,26,26,26,26,3,3,3,3,3,3,3,3,3,3,3,3,3,3,3
42,42,42,42,42,42,42,42,42,42,42,42,42,42,42,42,42,42,42,42,42,42,42,42,42,42,42,42,42,42,42,42,42,61,61,61,61,61,61,61,61,61,61,63,63,63,63,63,73,73,73,73,10,10,10,10,10,10,10,10,10,10,10,10,10,10,10,10,10,10,10,10,10,10,43,43,43,43,43,43,43,43,43,43,43,43,43,43,43,43,43,43,43,43,43,43,43,43,43,43,43,43,43,43,26,26,26,26,26,26,26,26,26,26,26,26,26,26,26,26,26,26,26,26,26,26,26,26,26,26,26,26,26,26,3,3,3,3,3,3,3,3,3,3,3,3,3,3,3,3
42,42,42,42,42,42,42,42,42,42,42,42,42,42,42,42,42,42,42,42,42,42,42,42,42,42,42,42,42,42,42,42,42,42,42,61,61,61,61,61,61,61,61,63,63,63,63,63,73,73,10,10,10,10,10,10,10,10,10,10,10,10,10,10,10,10,10,10,10,10,10,10,10,10,43,43,43,43,43,43,43,43,43,43,43,43,43,43,43,43,43,43,43,43,43,43,43,43,43,43,43,43,43,43,26,26,26,26,26,26,26,26,26,26,26,26,26,26,26,26,26,26,26,26,26,26,26,26,26,26,26,26,26,26,3,3,3,3,3,3,3,3,3,3,3,3,3,3,3,3
42,42,42,42,42,42,42,42,42,42,42,42,42,42,42,42,42,42,42,42,42,42,42,42,42,42,42,42,42,42,42,42,42,42,42,42,61,61,61,61,61,61,61,63,63,63,63,10,10,10,10,10,10,10,10,10,10,10,10,10,10,10,10,10,10,10,10,10,10,10,10,10,10,10,43,43,43,43,43,43,43,43,43,43,43,43,43,43,43,43,43,43,43,43,43,43,43,43,43,43,43,43,43,26,26,26,26,26,26,26,26,26,26,26,26,26,26,26,26,26,26,26,26,26,26,26,26,26,26,26,26,26,26,26,3,3,3,3,3,3,3,3,3,3,3,3,3,3,3,3
42,42,42,42,42,42,42,42,42,42,42,42,42,42,42,42,42,42,42,42,42,42,42,42,42,42,42,42,42,42,42,42,42,42,42,42,61,61,61,61,61,61,61,63,63,63,10,10,10,10,10,10,10,10,10,10,10,10,10,10,10,10,10,10,10,10,10,10,10,10,10,10,10,10,43,43,43,43,43,43,43,43,43,43,43,43,43,43,43,43,43,43,43,43,43,43,43,43,43,43,43,43,43,26,26,26,26,26,26,26,26,26,26,26,26,26,26,26,26,26,26,26,26,26,26,26,26,26,26,26,26,26,26,3,3,3,3,3,3,3,3,3,3,3,3,3,3,3,3,3
42,42,42,42,42,42,42,42,42,42,42,42,42,42,42,42,42,42,42,42,42,42,42,42,42,42,42,42,42,42,42,42,42,42,42,42,42,61,61,61,61,61,61,63,63,63,10,10,10,10,10,10,10,10,10,10,10,10,10,10,10,10,10,10,10,10,10,10,10,10,10,10,10,10,43,43,43,43,43,43,43,43,43,43,43,43,43,43,43,43,43,43,43,43,43,43,43,43,43,43,43,43,43,43,26,26,26,26,26,26,26,26,26,26,26,26,26,26,26,26,26,26,26,26,26,26,26,26,26,26,26,26,26,3,3,3,3,3,3,3,3,3,3,3,3,3,3,3,3,3
42,42,42,42,42,42,42,42,42,42,42,42,42,42,42,42,42,42,42,42,42,42,42,42,42,42,42,42,42,42,42,42,42,42,42,42,42,42,61,61,92,92,61,61,63,63,10,10,10,10,10,10,10,10,10,10,10,10,10,10,10,10,10,10,10,10,10,10,10,10,10,10,10,10,43,43,43,43,43,43,43,43,43,43,43,43,43,43,43,43,43,43,43,43,43,43,43,43,43,43,43,43,43,43,26,26,26,26,26,26,26,26,26,26,26,26,26,26,26,26,26,26,26,26,26,26,26,26,26,26,26,26,44,44,44,44,3,3,3,3,3,3,3,3,3,3,3,3,3,3
42,42,42,42,42,42,42,42,42,42,42,42,42,42,42,42,42,42,42,42,42,42,42,42,42,42,42,42,42,42,42,42,42,42,42,42,42,42,61,92,92,92,92,61,61,10,10,10,10,10,10,10,10,10,10,10,10,10,10,10,10,10,10,10,10,10,10,10,10,10,10,10,10,10,43,43,43,43,43,43,43,43,43,43,43,43,43,43,43,43,43,43,43,43,43,43,43,43,43,43,43,43,43,43,26,26,26,26,26,26,26,26,26,26,26,26,26,26,26,26,26,26,26,26,26,26,26,26,26,26,44,44,44,44,44,44,44,3,3,3,3,3,3,3,3,3,3,3,3,3
42,42,42,42,42,42,42,42,42,42,42,42,42,42,42,42,42,42,42,42,42,42,42,42,42,42,42,42,42,42,42,42,42,42,42,42,42,42,42,92,92,92,92,92,10,10,10,10,10,10,10,10,10,10,10,10,10,10,10,10,10,10,10,10,10,10,10,10,10,10,10,10,10,10,10,43,43,43,43,43,43,43,43,43,43,43,43,43,43,43,43,43,43,43,43,43,43,43,43,43,43,43,43,43,26,26,26,26,26,26,26,26,26,26,26,26,26,26,26,26,26,26,26,26,26,26,26,26,26,44,44,44,44,44,44,44,44,3,3,3,3,3,3,3,3,3,3,3,3,3
42,42,42,42,42,42,42,42,42,42,42,42,42,42,42,42,42,42,42,42,42,42,42,42,42,42,42,42,42,42,42,42,42,42,42,42,42,42,42,92,92,92,92,10,10,10,10,10,10,10,10,10,10,10,10,10,10,10,10,10,10,10,10,10,10,10,10,10,10,10,10,10,10,10,10,43,43,43,43,43,43,43,43,43,43,43,43,43,43,43,43,43,43,43,43,43,43,43,43,43,43,43,43,43,23,26,26,26,26,26,26,26,26,26,26,26,26,26,26,26,26,26,26,26,26,26,26,26,44,44,44,44,44,44,44,44,44,3,3,3,3,3,3,3,3,3,3,3,3,3
42,42,42,42,42,42,42,42,42,42,42,42,42,42,42,42,42,42,42,42,42,42,42,42,42,42,42,42,42,42,42,42,42,42,42,42,42,42,42,92,92,92,10,10,10,10,10,10,10,10,10,10,10,10,10,10,10,10,10,10,10,10,10,10,10,10,10,10,10,10,10,10,10,10,10,43,43,43,43,43,43,43,43,43,43,43,43,43,43,43,43,43,43,43,43,43,43,43,43,43,43,43,43,43,23,23,26,26,26,26,26,26,26,26,26,26,26,26,26,26,26,26,26,26,26,26,26,44,44,44,44,44,44,44,44,44,44,44,3,3,3,3,3,3,3,3,3,3,3,3
42,42,42,42,42,42,42,42,42,42,42,42,42,42,42,42,42,42,42,42,42,42,42,42,42,42,42,42,42,42,42,42,42,42,42,42,42,42,42,42,92,10,10,10,10,10,10,10,10,10,10,10,10,10,10,10,10,10,10,10,10,10,10,10,10,10,10,10,10,10,10,10,10,10,10,10,43,43,43,43,43,43,43,43,43,43,43,43,43,43,43,43,43,43,43,43,43,43,43,43,43,43,43,43,23,23,26,26,26,26,26,26,26,26,26,26,26,26,23,26,26,26,26,26,26,44,44,44,44,44,44,44,44,44,44,44,44,44,3,3,3,24,24,24,3,3,3,3,3,3
42,42,42,42,42,42,42,42,42,42,42,42,42,42,42,42,42,42,42,42,42,42,42,42,42,42,42,42,42,42,42,42,42,42,42,42,42,42,42,10,10,10,10,10,10,10,10,10,10,10,10,10,10,10,10,10,10,10,10,10,10,10,10,10,10,10,10,10,10,10,10,10,10,10,10,48,48,48,48,43,43,43,43,43,43,43,43,43,43,43,43,43,43,43,43,43,43,43,43,43,43,43,43,43,23,23,23,23,23,23,23,23,23,23,23,23,23,23,23,23,23,23,23,23,44,44,44,44,44,44,44,44,44,44,44,44,44,44,24,24,24,24,24,24,24,3,3,3,3,3
42,42,42,42,42,42,42,42,42,42,42,42,42,42,42,42,42,42,42,42,42,42,42,42,42,42,42,42,42,42,42,42,42,42,42,42,42,42,42,10,10,10,10,10,10,10,10,10,10,10,10,10,10,10,10,10,10,10,10,10,10,10,10,10,10,10,10,10,10,10,10,10,10,48,48,48,48,48,48,48,43,43,43,43,43,43,43,43,43,43,43,43,43,43,43,43,43,43,43,43,43,43,43,43,23,23,23,23,23,23,23,23,23,23,23,23,23,23,23,23,23,23,23,23,23,44,44,44,44,44,44,44,44,44,44,44,44,44,24,24,24,24,24,24,24,24,3,3,3,3
42,42,42,42,42,42,42,42,42,42,42,42,42,42,42,42,42,42,42,42,42,42,42,42,42,42,42,42,42,42,42,42,42,42,42,42,42,42,42,42,10,10,10,10,10,10,10,10,10,10,10,10,10,10,10,10,10,10,10,10,10,10,10,10,10,10,10,10,10,10,10,48,48,48,48,48,48,48,48,48,48,43,43,43,43,43,43,43,43,43,43,43,43,43,43,43,43,43,43,43,43,43,43,43,23,23,23,23,23,23,23,23,23,23,23,23,23,23,23,23,23,23,23,23,23,23,44,44,44,44,44,44,44,44,44,44,44,44,24,24,24,24,24,24,24,24,24,24,3,3
42,42,42,42,42,42,42,42,42,42,42,42,42,42,42,42,42,42,42,42,42,42,42,42,42,42,42,42,42,42,42,42,42,42,42,42,42,42,42,42,42,10,10,10,10,10,10,10,10,10,10,10,10,10,10,10,10,10,10,10,10,10,10,10,10,10,10,10,48,48,48,48,48,48,48,48,48,48,48,48,48,48,43,43,43,43,43,43,43,43,43,43,43,43,43,43,43,43,43,43,43,43,43,43,23,23,23,23,23,23,23,23,23,23,23,23,23,23,23,23,23,23,23,23,23,23,23,44,44,44,44,44,44,44,44,44,44,44,24,24,24,24,24,24,24,24,24,24,24,24
42,42,42,42,42,42,42,42,42,42,42,42,42,42,42,42,42,42,42,42,42,42,42,42,42,42,42,42,42,42,42,42,42,42,42,42,42,42,42,42,42,42,10,10,10,10,10,10,10,10,10,10,10,10,10,10,10,10,10,10,10,10,10,10,10,10,10,48,48,48,48,48,48,48,48,48,48,48,48,48,48,48,43,43,43,43,43,43,43,43,43,43,43,43,43,43,43,43,43,43,43,43,43,23,23,23,23,23,23,23,23,23,23,23,23,23,23,23,23,23,23,23,23,23,23,23,23,23,44,44,44,44,44,44,44,44,44,44,44,24,24,24,24,24,24,24,24,24,24,24
42,42,42,42,42,42,42,42,42,42,42,42,42,42,42,42,42,42,42,42,42,42,42,42,42,42,42,42,42,42,42,42,42,42,42,42,42,42,42,42,42,42,10,10,10,10,10,10,10,10,10,10,10,10,10,10,10,10,10,10,10,10,10,10,10,10,10,48,48,48,48,48,48,48,48,48,48,48,48,48,48,48,48,43,43,43,43,43,43,43,43,43,43,43,43,43,43,43,43,43,43,43,43,43,23,23,23,23,23,23,23,23,23,23,23,23,23,23,23,23,23,23,23,23,23,23,23,23,44,44,44,44,44,44,44,44,44,44,44,24,24,24,24,24,24,24,24,24,24,24
42,42,42,42,42,42,42,42,42,42,42,42,42,42,42,42,42,42,42,42,42,42,42,42,42,42,42,42,42,42,42,42,42,42,42,42,42,42,42,42,42,10,10,10,10,10,10,10,10,10,10,10,10,10,10,10,10,10,10,10,10,10,10,10,10,10,48,48,48,48,48,48,48,48,48,48,48,48,48,48,48,48,48,48,43,43,43,43,43,43,43,43,43,43,43,43,43,43,43,43,43,43,43,43,23,23,23,23,23,23,23,23,23,23,23,23,23,23,23,23,23,23,23,23,23,23,23,23,44,44,44,44,44,44,44,44,44,44,44,24,24,24,24,24,24,24,24,24,24,24
42,42,42,42,42,42,42,42,42,42,42,42,42,42,42,42,42,42,42,42,42,42,42,42,42,42,42,42,42,42,42,42,42,42,42,42,42,42,42,42,42,10,10,10,10,10,10,10,10,10,10,10,10,10,10,10,10,10,10,10,10,10,10,10,10,48,48,48,48,48,48,48,48,48,48,48,48,48,48,48,48,48,48,48,48,43,43,43,43,43,43,43,43,43,43,43,43,43,43,43,43,43,43,43,23,23,23,23,23,23,23,23,23,23,23,23,23,23,23,23,23,23,23,23,23,23,23,23,44,44,44,44,44,44,44,44,44,44,44,44,24,24,24,24,24,24,24,24,24,24
21,21,21,42,42,42,42,42,42,42,42,42,42,42,42,42,42,42,42,42,42,42,42,42,42,42,42,42,42,42,42,42,42,42,42,42,42,42,42,42,42,10,10,10,10,10,10,10,10,10,10,10,10,10,10,10,10,10,10,10,10,10,10,10,48,48,48,48,48,48,48,48,48,48,48,48,48,48,48,48,48,48,48,48,48,48,43,43,43,43,43,43,43,43,43,43,43,43,43,43,43,43,43,43,23,23,23,23,23,23,23,23,23,23,23,23,23,23,23,23,23,23,23,23,23,23,23,23,44,44,44,44,44,44,44,44,44,44,44,44,44,24,24,24,24,24,24,24,24,24
21,21,21,21,42,42,42,42,42,42,42,42,42,42,42,42,42,42,42,42,42,42,42,42,42,42,42,42,42,42,42,42,42,42,42,42,42,42,42,42,42,42,10,10,10,10,10,10,10,10,10,10,10,10,10,10,10,10,10,10,10,10,10,48,48,48,48,48,48,48,48,48,48,48,48,48,48,48,48,48,48,48,48,48,48,48,48,48,43,43,43,43,43,43,43,43,43,43,43,43,43,43,43,23,23,23,23,23,23,23,23,23,23,23,23,23,23,23,23,23,23,23,23,23,23,23,23,23,44,44,44,44,44,44,44,44,44,44,44,44,44,24,24,24,24,24,24,24,24,24
21,21,21,21,42,42,42,42,42,42,42,42,42,42,42,42,42,42,42,42,42,42,42,42,42,42,42,42,42,42,42,42,42,42,42,42,42,42,42,42,42,42,10,10,10,10,10,10,10,10,10,10,10,10,10,10,10,10,10,10,10,48,48,48,48,48,48,48,48,48,48,48,48,48,48,48,48,48,48,48,48,48,48,48,48,48,48,48,48,43,43,43,43,43,43,43,43,43,43,43,43,43,43,23,23,23,23,23,23,23,23,23,23,23,23,23,23,23,23,23,23,23,23,23,23,23,23,23,23,44,44,44,44,44,30,30,30,30,30,30,44,24,24,24,24,24,24,24,24,24
21,21,21,21,21,42,42,42,42,42,42,42,42,42,42,42,42,42,42,42,42,42,42,42,42,42,42,42,42,42,42,42,42,42,42,42,42,42,42,42,42,42,10,10,10,10,10,10,10,10,10,10,10,10,10,10,10,10,10,48,48,48,48,48,48,48,48,48,48,48,48,48,48,48,48,48,48,48,48,48,48,48,48,48,48,48,48,48,48,48,43,43,43,43,43,43,43,43,43,43,43,43,23,23,23,23,23,23,23,23,23,23,23,23,23,23,23,23,23,23,23,23,23,23,23,23,23,23,30,30,30,30,30,30,30,30,30,30,30,30,30,30,30,24,24,24,24,24,24,24
21,21,21,21,21,42,42,42,42,42,42,42,42,42,42,42,42,42,42,42,42,42,42,42,42,42,42,42,42,42,42,42,42,42,42,42,42,42,42,42,42,42,10,10,10,10,10,10,10,10,10,10,10,10,10,10,10,10,48,48,48,48,48,48,48,48,48,48,48,48,48,48,48,48,48,48,48,48,48,48,48,48,48,48,48,48,48,48,48,48,48,43,43,43,43,43,43,43,43,43,43,23,23,23,23,23,23,23,23,23,23,23,23,23,23,23,23,23,23,23,23,23,23,23,23,23,23,23,30,30,30,30,30,30,30,30,30,30,30,30,30,30,30,30,30,24,24,24,24,24
21,21,21,21,21,42,47,47,47,47,47,47,42,42,47,47,42,42,42,42,42,42,42,42,42,42,42,42,42,42,42,42,42,42,42,42,42,42,42,42,42,42,10,10,10,10,10,10,10,10,10,10,10,10,10,10,10,10,48,48,48,48,48,48,48,48,48,48,48,48,48,48,48,48,48,48,48,48,48,48,48,48,48,48,48,48,48,48,48,48,48,48,43,43,43,43,43,43,43,43,43,23,23,23,23,23,23,23,23,23,23,23,23,23,23,23,23,23,23,23,23,23,23,23,23,23,23,23,30,30,30,30,30,30,30,30,30,30,30,30,30,30,30,30,30,30,24,24,24,24
21,21,21,21,21,21,47,47,47,47,47,47,47,47,47,47,47,47,47,47,47,42,42,42,42,42,42,42,42,42,42,42,42,42,42,42,42,42,42,42,42,42,10,10,10,10,10,10,10,10,10,10,10,10,10,10,10,48,48,48,48,48,48,48,48,48,48,48,48,48,48,48,48,48,48,48,48,48,48,48,48,48,48,48,48,48,48,48,48,48,48,48,48,43,43,43,43,43,43,43,43,23,23,23,23,23,23,23,23,23,23,23,23,23,23,23,23,23,23,23,23,23,23,23,23,23,23,30,30,30,30,30,30,30,30,30,30,30,30,30,30,30,30,30,30,30,30,24,24,24
21,21,21,21,21,21,47,47,47,47,47,47,47,47,47,47,47,47,47,47,47,47,42,42,42,42,42,42,42,42,42,42,42,42,42,42,42,42,42,42,42,42,10,10,10,10,10,10,10,10,10,10,10,10,10,10,48,48,48,48,48,48,48,48,48,48,48,48,48,48,48,48,48,48,48,48,48,48,48,48,48,48,48,48,48,48,48,48,48,48,48,48,48,43,43,43,43,43,43,43,43,23,23,23,23,23,23,23,23,23,23,23,23,23,23,23,23,23,23,23,23,23,23,23,23,23,23,30,30,30,30,30,30,30,30,30,30,30,30,30,30,30,30,30,30,30,30,24,24,24
21,21,21,21,21,21,21,47,47,47,47,47,47,47,47,47,47,47,47,47,47,47,47,47,47,42,42,42,42,42,42,42,42,42,42,42,42,42,42,42,42,10,10,10,10,10,10,10,10,10,10,10,10,10,48,48,48,48,48,48,48,48,48,48,48,48,48,48,48,48,48,48,48,48,48,48,48,48,48,48,48,48,48,48,48,48,48,48,48,48,48,48,48,48,43,43,43,43,43,43,43,23,23,23,23,23,23,23,23,23,23,23,23,23,23,23,23,23,23,23,23,23,23,23,23,23,30,30,30,30,30,30,30,30,30,30,30,30,30,30,30,30,30,30,30,30,30,30,24,24
21,21,21,21,21,21,21,47,47,47,47,47,47,47,47,47,47,47,47,47,47,47,47,47,47,47,47,42,42,42,42,42,42,42,42,42,42,42,42,42,42,10,10,10,10,10,10,10,10,10,10,10,10,10,48,48,48,48,48,48,48,48,48,48,48,48,48,48,48,48,48,48,48,48,48,48,48,48,48,48,48,48,48,48,48,48,48,48,48,48,48,48,48,48,43,43,43,43,43,43,43,23,23,23,23,23,23,23,23,23,23,23,23,23,23,23,23,23,23,23,23,23,23,23,23,30,30,30,30,30,30,30,30,30,30,30,30,30,30,30,30,30,30,30,30,30,30,30,30,30
21,21,21,21,21,21,21,47,47,47,47,47,47,47,47,47,47,47,47,47,47,47,47,47,47,47,47,47,42,42,42,42,42,42,42,42,42,42,42,42,42,10,10,10,10,10,10,10,10,10,10,10,10,48,48,48,48,48,48,48,48,48,48,48,48,48,48,48,48,48,48,48,48,48,48,48,48,48,48,48,48,48,48,48,48,48,48,48,48,48,48,48,48,48,48,43,43,43,43,43,43,23,23,23,23,23,23,23,23,23,23,23,23,23,23,23,23,23,23,23,23,23,23,23,30,30,30,30,30,30,30,30,30,30,30,30,30,30,30,30,30,30,30,30,30,30,30,30,30,30
21,21,21,21,21,21,21,47,47,47,47,47,47,47,47,47,47,47,47,47,47,47,47,47,47,47,47,47,47,42,42,42,42,42,42,42,42,42,42,42,42,42,10,10,10,10,10,10,10,10,10,10,48,48,48,48,48,48,48,48,48,48,48,48,48,48,48,48,48,48,48,48,48,48,48,48,48,48,48,48,48,48,48,48,48,48,48,48,48,48,48,48,48,48,48,48,43,43,43,43,43,23,23,23,23,23,23,23,23,23,23,23,23,23,23,23,23,23,23,23,23,23,23,30,30,30,30,30,30,30,30,30,30,30,30,30,30,30,30,30,30,30,30,30,30,30,30,30,30,30
21,21,21,21,21,21,21,47,47,47,47,47,47,47,47,47,47,47,47,47,47,47,47,47,47,47,47,47,47,42,42,42,42,42,42,42,42,42,42,42,42,42,42,10,10,10,10,10,10,10,10,48,48,48,48,48,48,48,48,48,48,48,48,48,48,48,48,48,48,48,48,48,48,48,48,48,48,48,48,48,48,48,48,48,48,48,48,48,48,48,48,48,48,48,48,48,48,43,43,43,23,23,23,23,23,23,23,23,23,23,23,23,23,23,23,23,23,23,23,23,23,23,30,30,30,30,30,30,30,30,30,30,30,30,30,30,30,30,30,30,30,30,30,30,30,30,30,30,30,30
21,21,21,21,21,21,21,47,47,47,47,47,47,47,47,47,47,47,47,47,47,47,47,47,47,47,47,47,47,47,42,42,42,42,42,42,42,42,42,42,42,42,42,10,10,10,10,10,10,10,48,48,48,48,48,48,48,48,48,48,48,48,48,48,48,48,48,48,48,48,48,48,48,48,48,48,48,48,48,48,48,48,48,48,48,48,48,48,48,48,48,48,48,48,48,48,48,48,43,43,23,23,23,23,23,23,23,23,23,23,23,23,23,23,23,23,23,23,23,23,23,23,30,30,30,30,30,30,30,30,30,30,30,30,30,30,30,30,30,30,30,30,30,30,30,30,30,30,30,30
21,21,21,21,21,21,5,5,5,47,47,47,47,47,47,47,47,47,47,47,47,47,47,47,47,47,47,47,47,47,47,47,47,42,42,42,42,42,42,42,42,42,42,10,10,10,10,10,10,48,48,48,48,48,48,48,48,48,48,48,48,48,48,48,48,48,48,48,48,48,48,48,48,48,48,48,48,48,48,48,48,48,48,48,48,48,48,48,48,48,48,48,48,48,48,48,48,48,48,23,23,23,23,23,23,23,23,23,23,23,23,23,23,23,23,23,23,23,23,23,30,30,30,30,30,30,30,30,30,30,30,30,30,30,30,30,30,30,30,30,30,30,30,30,30,30,30,30,30,30
21,21,21,21,21,5,5,5,5,47,47,47,47,47,47,47,47,47,47,47,47,47,47,47,47,47,47,47,47,47,47,47,47,47,47,47,47,42,42,42,42,42,10,10,10,10,10,48,48,48,48,48,48,48,48,48,48,48,48,48,48,48,48,48,48,48,48,48,48,48,48,48,48,48,48,48,48,48,48,48,48,48,48,48,48,48,48,48,48,48,48,48,48,48,48,48,48,48,48,23,23,23,23,23,23,23,23,23,23,23,23,23,23,23,23,23,23,23,23,30,30,30,30,30,30,30,30,30,30,30,30,30,30,30,30,30,30,30,30,30,30,30,30,30,30,30,30,30,30,30
21,21,21,5,5,5,5,5,5,5,47,47,47,47,47,47,47,47,47,47,47,47,47,47,47,47,47,47,47,47,47,47,47,47,47,47,47,47,42,42,42,42,10,10,10,10,48,48,48,48,48,48,48,48,48,48,48,48,48,48,48,48,48,48,48,48,48,48,48,48,48,48,48,48,48,48,48,48,48,48,48,48,48,48,48,48,48,48,48,48,48,48,48,48,48,48,48,48,48,23,23,23,23,23,23,23,23,23,23,23,23,23,23,23,23,23,23,23,30,30,30,30,30,30,30,30,30,30,30,30,30,30,30,30,30,30,30,30,30,30,30,30,30,30,30,30,30,30,30,30
21,21,5,5,5,5,5,5,5,5,5,5,47,47,47,47,47,47,47,47,47,47,47,47,47,47,47,47,47,47,47,47,47,47,47,47,47,47,47,42,42,42,10,10,10,10,48,48,48,48,48,48,48,48,48,48,48,48,48,48,48,48,48,48,48,48,48,48,48,48,48,48,48,48,48,48,48,48,48,48,48,48,48,48,48,48,48,48,48,48,48,48,48,48,48,48,48,48,23,23,23,23,23,23,23,23,23,23,23,23,23,23,23,23,23,23,23,23,30,30,30,30,30,30,30,30,30,30,30,30,30,30,30,30,30,30,30,30,30,30,30,30,30,30,30,30,30,30,30,30
5,5,5,5,5,5,5,5,5,5,5,5,5,47,47,47,47,47,47,47,47,47,47,47,47,47,47,47,47,47,47,47,47,47,47,47,47,47,47,47,47,47,47,10,10,48,48,48,48,48,48,48,48,48,48,48,48,48,48,48,48,48,48,48,48,48,48,48,48,48,48,48,48,48,48,48,48,48,48,48,48,48,48,48,48,48,48,48,48,48,48,48,48,48,48,48,48,48,23,23,23,23,23,23,23,23,23,23,23,23,23,23,23,23,23,23,23,23,30,30,30,30,30,30,30,30,30,30,30,30,30,30,30,30,30,30,30,30,30,30,30,30,30,30,30,30,30,30,30,30
5,5,5,5,5,5,5,5,5,5,5,5,5,5,47,47,47,47,47,47,47,47,47,47,47,47,47,47,47,47,47,47,47,47,47,47,47,47,47,47,47,47,47,47,10,48,48,48,48,48,48,48,48,48,48,48,48,48,48,48,48,48,48,48,48,48,48,48,48,48,48,48,48,48,48,48,48,48,48,48,48,48,48,48,48,48,48,48,48,48,48,48,48,48,48,48,48,23,23,23,23,23,23,23,23,23,23,23,23,23,23,23,23,23,23,23,23,23,30,30,30,30,30,30,30,30,30,30,30,30,30,30,30,30,30,30,30,30,30,30,30,30,30,30,30,30,30,30,30,30
5,5,5,5,5,5,5,5,5,5,5,5,5,5,47,47,47,47,47,47,47,47,47,47,47,47,47,47,47,47,47,47,47,47,47,47,47,47,47,47,47,47,47,47,47,48,48,48,48,48,48,48,48,48,48,48,48,48,48,48,48,48,48,48,48,48,48,48,48,48,48,48,48,48,48,48,48,48,48,48,48,48,48,48,48,48,48,48,48,48,48,48,48,48,48,48,23,23,23,23,23,23,23,23,23,23,23,23,23,23,23,23,23,23,23,23,23,23,30,30,30,30,30,30,30,30,30,30,30,30,30,30,30,30,30,30,30,30,30,30,30,30,30,30,30,30,30,30,30,30
